언론사,날짜_원문,제목,URL,구분
연합뉴스,6일 전,백기 든 카카오톡…친구탭 원상복구한다(종합),https://www.yna.co.kr/view/AKR20250929129751017?input=1195m,대표 기사
Sub-article,"MBN
6일 전
네이버뉴스","불만 폭주에 백기 든 카카오톡…친구탭, 다시 친구목록으로",http://mbn.mk.co.kr/pages/news/newsView.php?category=mbn00009&news_seq_no=5144471,Sub 기사
Sub-article,"머니투데이
6일 전
네이버뉴스","""윗선 강행"" 카카오 내부 잡음까지…'톡' 건드리자 '툭' 터졌다",https://www.mt.co.kr/tech/2025/09/29/2025092818131889610,Sub 기사
Sub-article,"연합뉴스
6일 전
네이버뉴스",'불만 폭주'에 무릎 꿇은 카카오…친구탭 원상복구한다(종합2보),https://www.yna.co.kr/view/AKR20250929129752017?input=1195m,Sub 기사
Sub-article,"더팩트
6일 전
네이버뉴스",카카오톡 개편에 이용자 '불만 폭주'…개선안 어떻게 나올까,https://news.tf.co.kr/read/economy/2248530.htm,Sub 기사
뉴시스,5일 전,"'카톡 총책임자' 홍민택 CPO ""이용자 불편 최소화에 최선 다할 것""",https://www.newsis.com/view/NISX20250930_0003350891,대표 기사
Sub-article,"이데일리
5일 전
네이버뉴스",‘국민 메신저 맞나’…개편에 흔들린 카카오톡,http://www.edaily.co.kr/news/newspath.asp?newsid=04470646642305368,Sub 기사
Sub-article,"KBS
5일 전
네이버뉴스",여론 최악인데 지표 나쁘지 않다는 카카오 책임자의 해명 [지금뉴스],https://news.kbs.co.kr/news/pc/view/view.do?ncd=8371498&ref=A,Sub 기사
Sub-article,"연합뉴스
5일 전
네이버뉴스",친구탭 사태에 카카오 CPO 해명했지만…논란 이어져,https://www.yna.co.kr/view/AKR20250930132700017?input=1195m,Sub 기사
Sub-article,"연합뉴스TV
5일 전
네이버뉴스","카카오톡 친구탭 사태에…홍민택 CPO ""이용자 불편 최소화""",http://www.yonhapnewstv.co.kr/AKR20250930164437tTS,Sub 기사
노컷뉴스,1주 전,"카카오톡 대규모 개편 놓고 이용자 혹평 '봇물'…""이전으로 돌려달라""",https://www.nocutnews.co.kr/news/6407045?utm_source=naver&utm_medium=article&utm_campaign=20250928110341,대표 기사
Sub-article,"한국경제
1주 전
네이버뉴스","""이용자 사생활 테러"" 불만에…카카오톡 ""피드백 경청하겠다""",https://www.hankyung.com/article/2025092827537,Sub 기사
Sub-article,"문화일보
1주 전
네이버뉴스",카톡 역대 최악의 업데이트…‘1점 리뷰’ 폭주,https://www.munhwa.com/article/11536294?ref=naver,Sub 기사
Sub-article,"연합뉴스
1주 전
네이버뉴스","카톡 대개편 후 '1점 리뷰' 폭주…""정체성이 사라졌다""",https://www.yna.co.kr/view/AKR20250926115300017?input=1195m,Sub 기사
Sub-article,"이데일리
1주 전
네이버뉴스","""제발 정신차려""...카카오톡 업데이트에 '국민 대통합'",http://www.edaily.co.kr/news/newspath.asp?newsid=01620326642304712,Sub 기사
매일신문,2일 전,"카톡, 최저평점 '1.0' 찍었다…""살다 살다 이런 업데이트는 처음 봐""",https://www.imaeil.com/page/view/2025100307382893274,대표 기사
Sub-article,"이데일리
2일 전
네이버뉴스",친구탭 되살리는 카카오톡…인스타 반발과 똑 닮았다,http://www.edaily.co.kr/news/newspath.asp?newsid=01462886642329312,Sub 기사
한국경제,3일 전,"비판 여론 시달리던 카카오, 외면받던 '제2 카톡' 꺼내들었다",https://www.hankyung.com/article/202510022576g,대표 기사
연합뉴스,1주 전,"카톡 개편 후 '1점 리뷰' 폭주…카카오, 결국 숏폼탭 설정 개선(종합)",https://www.yna.co.kr/view/AKR20250926115351017?input=1195m,대표 기사
Sub-article,"SBS
1주 전
네이버뉴스",카톡 개편 후 '1점 리뷰' 폭주…카카오 결국 숏폼탭 설정 개선,https://news.sbs.co.kr/news/endPage.do?news_id=N1008275470&plink=ORI&cooper=NAVER,Sub 기사
Sub-article,"한국경제TV
1주 전
네이버뉴스","개편 후 혹평 '쇄도'…카카오, 결국 '백기'",http://www.wowtv.co.kr/NewsCenter/News/Read?articleId=A202509280098&t=NN,Sub 기사
뉴시스,1일 전,"""내 카톡 지시 본 거야, 안 본 거야?""…사라지지 않는 '1'에 부장 열 받...",https://www.newsis.com/view/NISX20251002_0003353211,대표 기사
이코노미스트,5일 전,카카오톡 업데이트 후 '역풍'…네이트온 재평가 움직임 확산,https://economist.co.kr/article/view/ecn202509300012,대표 기사
Sub-article,"데일리안
5일 전
네이버뉴스",카카오톡 업데이트 혹평에...'OOOO' 앱스토어 1위?,https://www.dailian.co.kr/news/view/1555569/?sc=Naver,Sub 기사
Sub-article,"서울신문
5일 전
네이버뉴스",카카오톡에 실망한 이용자들…“갈아탈래” 대신 ‘여기’ 모였다,https://www.seoul.co.kr/news/economy/IT/2025/09/30/20250930500115?wlog_tag3=naver,Sub 기사
Sub-article,"머니투데이
5일 전
네이버뉴스","개편 '혹평' 카카오톡, 메신저 왕좌 흔들리나…먹통 사태 때 보니",https://www.mt.co.kr/tech/2025/09/30/2025093014380485643,Sub 기사
Sub-article,"뉴시스
5일 전
네이버뉴스","""메신저 본질에 충실"" 네이트온, 앱스토어 1위…카톡 불만 반사이익",https://www.newsis.com/view/NISX20250929_0003348144,Sub 기사
한국경제,1주 전,"""카톡 업데이트, 진짜 너무 싫다""…소신발언한 男 아이돌",https://www.hankyung.com/article/2025092830247,대표 기사
Sub-article,"아시아경제
1주 전
네이버뉴스","""누굴 위한 업데이트냐""…아이돌도 달라진 카카오톡 '직격'",https://view.asiae.co.kr/article/2025092817431703494,Sub 기사
Sub-article,"매일경제
1주 전
네이버뉴스","“카톡 업데이트, 왜 자기 마음대로 되는거냐”…소신 발언한 아이돌",https://www.mk.co.kr/article/11431051,Sub 기사
헤럴드경제,6일 전,카카오톡 첫 화면 ‘친구목록’으로 돌아간다,https://biz.heraldcorp.com/article/10586004?ref=naver,대표 기사
Sub-article,"서울신문
6일 전
네이버뉴스",카카오톡 결국 ‘친구목록’ 되살린다…‘피드형’은 자리이동,https://www.seoul.co.kr/news/economy/IT/2025/09/29/20250929500277?wlog_tag3=naver,Sub 기사
JTBC,6일 전,"카톡, 대규모 개편 혹평에…'친구목록' 복원 업데이트 예정",https://news.jtbc.co.kr/article/NB12264936?influxDiv=NAVER,대표 기사
Sub-article,"연합뉴스
6일 전
네이버뉴스","카카오톡, 피드형 친구탭…친구목록으로 되돌린다",https://www.yna.co.kr/view/AKR20250929129700017?input=1195m,Sub 기사
Sub-article,"블로터
6일 전
네이버뉴스","카카오톡 친구탭, '친구목록' 화면으로 회귀",https://www.bloter.net/news/articleView.html?idxno=644916,Sub 기사
Sub-article,"SBS
6일 전
네이버뉴스","결국 손 든 카카오톡, 피드형 친구탭 철회…친구 목록 복원",https://news.sbs.co.kr/news/endPage.do?news_id=N1008276939&plink=ORI&cooper=NAVER,Sub 기사
Sub-article,"국민일보
6일 전
네이버뉴스",결국 항복한 카카오톡…“친구 목록 첫 화면 복원”,https://www.kmib.co.kr/article/view.asp?arcid=0028763476&code=61141111&cp=nv,Sub 기사
서울경제,3일 전,카카오톡 '친구 탭' 원복에도…개편 후 '1점 리뷰' 폭주,https://www.sedaily.com/NewsView/2GZ0RQ6EUP,대표 기사
Sub-article,"뉴스1
3일 전
네이버뉴스",'카톡 친구탭 업데이트' 논란에…말 아낀 정신아 카카오 대표,https://www.news1.kr/it-science/general-it/5933340,Sub 기사
KBS,6일 전,"‘카톡 개악’ 불만 속출에 결국…카카오톡, 친구목록 복원한다",https://news.kbs.co.kr/news/pc/view/view.do?ncd=8370285&ref=A,대표 기사
Sub-article,"SBS Biz
6일 전
네이버뉴스",'백기' 든 카카오톡…업데이트 전 친구목록 첫 화면,https://biz.sbs.co.kr/article_hub/20000262834?division=NAVER,Sub 기사
Sub-article,"서울경제
6일 전
네이버뉴스",혹평에 백기 든 카카오…연내 '친구탭' 되돌린다,https://www.sedaily.com/NewsView/2GY39T32C2,Sub 기사
Sub-article,"연합뉴스TV
6일 전
네이버뉴스","카카오톡, 결국 백기…업데이트 이전 '친구목록' 첫 화면으로",http://www.yonhapnewstv.co.kr/AKR20250929161323ZPC,Sub 기사
Sub-article,"한국경제
6일 전
네이버뉴스",카카오톡 결국 '백기'…업데이트 이전 '친구목록' 첫 화면,https://www.hankyung.com/article/2025092954397,Sub 기사
경향신문,6일 전,결국 백기 든 카카오톡…‘친구 목록’ 되살린다,https://www.khan.co.kr/article/202509291644001,대표 기사
Sub-article,"매일경제
6일 전
네이버뉴스",쉰스타그램 역풍에 카카오 백기투항…무한숏폼도 손본다,https://www.mk.co.kr/article/11432305,Sub 기사
Sub-article,"국민일보
6일 전
네이버뉴스",6일 만에 손 든 카카오톡… 기존 친구목록 되살린다,https://www.kmib.co.kr/article/view.asp?arcid=1759132987&code=11151100&cp=nv,Sub 기사
Sub-article,"매일경제
6일 전
네이버뉴스",결국 백기 든 카카오,https://www.mk.co.kr/article/11432285,Sub 기사
매일경제,3일 전,“우린 카톡과는 달라요”···인스타그램 업데이트 이용자 선택권 준...,https://www.mk.co.kr/article/11434985,대표 기사
이코노미스트,6일 전,"연예인들도 ""누굴 위한 업데이트?"" 분노…카카오톡, 결국 손 들었다",https://economist.co.kr/article/view/ecn202509290038,대표 기사
Sub-article,"YTN
6일 전
네이버뉴스",'업데이트 혹평' 카카오톡...이번 주 일부 개선 방향 발표,https://www.ytn.co.kr/_ln/0102_202509290917455452,Sub 기사
한국경제TV,6일 전,카톡 업데이트로 3조 증발…'네카오' 격차 벌어진다,https://www.wowtv.co.kr/NewsCenter/News/Read?articleId=A202509290233&t=NNv,대표 기사
YTN,6일 전,"사용자 반발에...카카오톡, 첫 화면 '친구 목록' 되살린다",https://www.ytn.co.kr/_ln/0102_202509292157529121,대표 기사
더팩트,4일 전,카카오톡 '국민 메신저' 위상 휘청…개편 실패 책임론 급부상,https://news.tf.co.kr/read/economy/2249675.htm,대표 기사
연합뉴스,1주 전,"카카오톡 대개편 후 ""업데이트 껐다"" 불만 속출",https://www.yna.co.kr/view/AKR20250924061400017?input=1195m,대표 기사
데일리안,5일 전,"'친구탭 원상복귀' 카카오톡, 이용자 선택지 확대…민심 돌릴까",https://www.dailian.co.kr/news/view/1555799/?sc=Naver,대표 기사
문화일보,4일 전,"이승건 토스 대표, 카카오 저격? “악성 탑다운, 토스 문화 아냐”",https://www.munhwa.com/article/11537328?ref=naver,대표 기사
Sub-article,"이데일리
4일 전
네이버뉴스","이승건 대표, 카카오 사태 관련 ""팀원 조롱, 토스답게 일하는 방식 아냐...",http://www.edaily.co.kr/news/newspath.asp?newsid=03824486642328656,Sub 기사
Sub-article,"조선비즈
4일 전
네이버뉴스","이승건 토스 대표, ‘카카오 사태’에 “임원 조롱말고 원팀으로 문제 ...",https://biz.chosun.com/stock/finance/2025/10/01/EMJ3TINNLFDYFC2K34W5PJ2RHI/?utm_source=naver&utm_medium=original&utm_campaign=biz,Sub 기사
매일경제,5일 전,“난 솔직히 재미있어”…카카오톡 혹평 속 소신 발언한 개그맨,https://www.mk.co.kr/article/11432867,대표 기사
YTN,4일 전,카카오톡 업데이트 역풍...전소미 솔직 리액션 주목,https://star.ytn.co.kr/_sn/0117_202510010944506752,대표 기사
Sub-article,"마이데일리
4일 전
네이버뉴스","전소미, 짜증과 불만… ""카카오톡 업데이트 왜 된 거야?""",https://www.mydaily.co.kr/page/view/2025100108485495770,Sub 기사
Sub-article,"YTN
4일 전
네이버뉴스",카카오톡 업데이트 역풍...전소미 솔직 리액션 주목,https://star.ytn.co.kr/_sn/0117_202510011355495700,Sub 기사
뉴시스,5일 전,"새 카카오톡, 불만 고조…구버전 구매 '보안 문제 주의'",https://www.newsis.com/view/NISX20250930_0003350510,대표 기사
아이뉴스24,6일 전,15년만에 개편 후폭풍...이용자 쓴소리에 카카오톡 친구 탭 개선 검토,http://www.inews24.com/view/1891867,대표 기사
Sub-article,"조선비즈
6일 전
네이버뉴스","카카오, 카카오톡 친구탭 원상 복구... 4분기 중 적용",https://biz.chosun.com/it-science/ict/2025/09/29/FYVBVOQFJVFDJOVE5LQXANNG7A/?utm_source=naver&utm_medium=original&utm_campaign=biz,Sub 기사
Sub-article,"노컷뉴스
6일 전
네이버뉴스",불만 폭주에 카카오톡 결국 '백기' 들었다…친구목록 부활,https://www.nocutnews.co.kr/news/6407708?utm_source=naver&utm_medium=article&utm_campaign=20250929045157,Sub 기사
Sub-article,"KBS
6일 전
네이버뉴스",‘불만 폭주’에 카카오 굴복…“친구 탭 원래대로” [지금뉴스],https://news.kbs.co.kr/news/pc/view/view.do?ncd=8370357&ref=A,Sub 기사
Sub-article,"위키트리
6일 전","불만 폭주하더니 결국…카카오톡, 드디어 중대 결정 내렸다",https://www.wikitree.co.kr/articles/1085095,Sub 기사
세계일보,6일 전,카카오 결국 항복… 카톡 '친구목록' 첫 화면 되살린다,https://www.segye.com/newsView/20250929515081?OutUrl=naver,대표 기사
Sub-article,"중앙일보
6일 전
네이버뉴스",결국 백기 든 카카오톡…첫 화면 '친구 목록' 되살린다 [팩플],https://www.joongang.co.kr/article/25370905,Sub 기사
Sub-article,"파이낸셜뉴스
6일 전
네이버뉴스","카카오, '친구목록' 카톡 업데이트 이전으로 되돌린다",http://www.fnnews.com/news/202509291617489630,Sub 기사
연합뉴스,1주 전,[연합뉴스 이 시각 헤드라인] - 10:30,https://www.yna.co.kr/view/AKR20250928019200011?input=1195m,대표 기사
연합뉴스,1주 전,[유튜브월드] 카톡 대규모 업데이트에 유튜브도 '들썩',https://www.yna.co.kr/view/AKR20250926070300017?input=1195m,대표 기사
Sub-article,"TV조선
1주 전
네이버뉴스","""카카오톡 왜 이래""…유튜브도 '들썩'",https://news.tvchosun.com/site/data/html_dir/2025/09/27/2025092790097.html,Sub 기사
Sub-article,"이코노미스트
1주 전
네이버뉴스","""카카오톡 이상해요""...추억의 버디버디까지 소환",https://economist.co.kr/article/view/ecn202509270022,Sub 기사
연합뉴스,5일 전,카카오톡 친구탭 논란 진정…네이트온 웃었다(종합),https://www.yna.co.kr/view/AKR20250930053051017?input=1195m,대표 기사
세계일보,2일 전,카톡 업데이트 ‘대란’ 일단락됐지만… 이탈자 속출에 이미지 회복 과...,https://www.segye.com/newsView/20251003506455?OutUrl=naver,대표 기사
한국경제,5일 전,"""쉰스타"" 카톡 개편에 쏟아진 조롱…1020 등 돌리자 결국 백기 [이슈+]",https://www.hankyung.com/article/202509295733g,대표 기사
서울와이어,1일 전,"[기자수첩] 승자 카카오톡, 네이트온의 전철을 밟다",http://www.seoulwire.com/news/articleView.html?idxno=673799,대표 기사
매일경제,1주 전,“못생겼어! 싫어!” ‘MZ 대통령’도 기겁한 카카오톡 업데이트,https://www.mk.co.kr/article/11429813,대표 기사
주간동아,2일 전,카카오톡 연내 친구탭 원상복구… 불만 폭주에 백기,https://weekly.donga.com/3/all/11/5882938/1,대표 기사
파이낸셜뉴스,2일 전,"""카카오톡은 프리챌을 기억하라""... 민심 거슬렀다가 몰락 한 서비스들...",http://www.fnnews.com/news/202509301523106626,대표 기사
오마이뉴스,6일 전,카카오톡이 만들어낸 한 편의 블랙코미디,https://www.ohmynews.com/NWS_Web/View/at_pg.aspx?CNTN_CD=A0003169366&CMPT_CD=P0010&utm_source=naver&utm_medium=newsearch&utm_campaign=naver_news,대표 기사
KBS,3일 전,"카카오, 카나나 앱 업데이트…초기 화면 탭으로 단순화",https://news.kbs.co.kr/news/pc/view/view.do?ncd=8373419&ref=A,대표 기사
파이낸셜뉴스,1주 전,"업데이트 후 난리 난 카카오톡에 돌아온 질문…""너희 가난해졌니""",http://www.fnnews.com/news/202509260931516106,대표 기사
Sub-article,"한국경제
1주 전
네이버뉴스","""카카오 가난하지 않습니다""…13년 전 공지에 이용자들 폭발",https://www.hankyung.com/article/2025092605987,Sub 기사
Sub-article,"머니투데이
1주 전
네이버뉴스","카카오톡 업데이트 난리에…""가난하지 않다"" 13년 전 공지 재소환",https://www.mt.co.kr/society/2025/09/26/2025092607371999862,Sub 기사
Sub-article,"이데일리
1주 전
네이버뉴스",업데이트 후 난리난 카톡…“가난하지 않다” 13년 전 공지가?,http://www.edaily.co.kr/news/newspath.asp?newsid=03175046642304056,Sub 기사
주간조선,6일 전,"'역대 최악 개편' 카카오, 주가 폭락에 백기...""개선 방안 마련""",http://weekly.chosun.com/news/articleView.html?idxno=44916,대표 기사
이데일리,5일 전,"""카톡 본질 잃었다"" 불만 폭발…백기 든 카카오, 주가는[특징주]",http://www.edaily.co.kr/news/newspath.asp?newsid=02397686642305368,대표 기사
한국경제,1주 전,"""고딩 때 올렸던 사진이""…이영지도 기겁한 카톡 업데이트",https://www.hankyung.com/article/2025092696967,대표 기사
매경이코노미,6일 전,"“도저히 못참겠다” 1점 리뷰 쇄도…카카오, 결국 숏폼탭 설정 바꿔",https://www.mk.co.kr/article/11431573,대표 기사
조선일보,1주 전,"이영지 “카톡 업데이트하니 고딩때 사진이… 안돼, 싫어!""",https://www.chosun.com/culture-life/k-culture/2025/09/26/26PP5ULW7FEKZJZF5G7MH3IQQM/?utm_source=naver&utm_medium=referral&utm_campaign=naver-news,대표 기사
한국경제TV,4일 전,줄줄이 평점 1점…카카오톡 '대굴욕',http://www.wowtv.co.kr/NewsCenter/News/Read?articleId=A202510010709&t=NN,대표 기사
연합뉴스,6일 전,[연합뉴스 이 시각 헤드라인] - 18:00,https://www.yna.co.kr/view/AKR20250929145000011?input=1195m,대표 기사
조선비즈,1주 전,“이전 버전 돌려달라” 비판 쏟아지는 카카오톡… ‘1점 리뷰’ 속출에...,https://biz.chosun.com/it-science/ict/2025/09/28/2VWJ4U2UINENHKEWAKUWJ6IYKQ/?utm_source=naver&utm_medium=original&utm_campaign=biz,대표 기사
동아일보,1주 전,카카오톡에 챗GPT 탑재…대화중에도 바로 사용한다,https://www.donga.com/news/Economy/article/all/20250923/132444099/2,대표 기사
Sub-article,"KBS
1주 전
네이버뉴스","카카오톡, 15년 만의 전면 개편…“프로필 다양화·채팅 탭에 챗GPT 추가...",https://news.kbs.co.kr/news/pc/view/view.do?ncd=8365228&ref=A,Sub 기사
Sub-article,"JTBC
1주 전
네이버뉴스","카톡에서 바로 '챗GPT' 쓴다…카카오, 15년만에 대대적 개편",https://news.jtbc.co.kr/article/NB12264154?influxDiv=NAVER,Sub 기사
지디넷코리아,4일 전,"""카톡 내 챗GPT 기다려진다""...AI 페스타 카카오 부스 체험 열기 '후끈'",https://zdnet.co.kr/view/?no=20251001114636,대표 기사
이뉴스투데이,2일 전,[IT뒷담화] '친구 목록' 원상 복귀 카카오···그래도 '혹평' 십자포화...,http://www.enewstoday.co.kr/news/articleView.html?idxno=2337542,대표 기사
뉴시스,1주 전,"""카카오 이제 가난해졌나""…업데이트 논란에 13년 전 공지 재소환",https://www.newsis.com/view/NISX20250926_0003345603,대표 기사
뉴시스,1주 전,"""직장상사 일상까지 봐야 하나"" 평점 테러에 손든 카카오…""개선 방안 ...",https://www.newsis.com/view/NISX20250928_0003347214,대표 기사
Sub-article,"뉴시스
1주 전
네이버뉴스","""자동 업데이트 어떻게 막아"" 난리 난 카톡…친구 탭, 초유의 롤백 사태...",https://www.newsis.com/view/NISX20250926_0003344782,Sub 기사
서울경제,4일 전,“최악의 업데이트”…카카오 '항복'에도 주가는 또 빠졌다 [이런국장 ...,https://www.sedaily.com/NewsView/2GZ0BATZIJ,대표 기사
SBS Biz,1주 전,"카톡 대개편 후 혹평 폭주…카카오, 결국 숏폼탭 설정 개선",https://biz.sbs.co.kr/article_hub/20000262575?division=NAVER,대표 기사
일간스포츠,5일 전,"유세윤, ‘카톡 업데이트’ 불호 속 “난 재밌음” 웃은 이유",https://isplus.com/article/view/isp202509300017,대표 기사
Sub-article,"헤럴드POP
5일 전
네이버뉴스",[팝업★]카카오톡 업데이트 후폭풍 속..유세윤 “난 솔직히 재밌음” 눈...,https://www.heraldpop.com/article/10587009?ref=naver,Sub 기사
Sub-article,"YTN
5일 전
네이버뉴스","""솔직히 난 재밌어""…유세윤, '카톡 업데이트' 불만 속출에 소신 발언",https://star.ytn.co.kr/_sn/0117_202509301053255356,Sub 기사
한국경제,5일 전,카카오 '역대급 실수' 인정했지만…주가는 '뜨뜻미지근',https://www.hankyung.com/article/2025093069016,대표 기사
머니S,1주 전,'일상에 스며든 AI 카카오톡' 어떻게 달라질까,https://www.moneys.co.kr/article/2025092311101017870,대표 기사
Sub-article,"연합뉴스TV
1주 전
네이버뉴스","카카오톡, 15년 만에 대변화…""챗GPT 탑재·친구탭은 인스타처럼""",http://www.yonhapnewstv.co.kr/AKR20250923102231B5w,Sub 기사
한국경제,1주 전,"자고 일어났더니 카톡이…""거래처 분이 계속 하트"" 불만 폭발",https://www.hankyung.com/article/2025092692027,대표 기사
Sub-article,"부산일보
1주 전
네이버뉴스","""부장님 골프 사진 안 보고 싶은데"" 카카오톡 업데이트에 불만 속출",https://www.busan.com/view/busan/view.php?code=2025092608582061871,Sub 기사
매일경제,1주 전,“카톡이 왜 이래?” 확바뀐 카카오톡 반응 싸늘한데…챗GPT로 분위기 바...,https://www.mk.co.kr/article/11430996,대표 기사
문화일보,1주 전,카톡 업데이트 불만 폭발에 손 든 카카오…“개선 방안 공유”,https://www.munhwa.com/article/11536398?ref=naver,대표 기사
서울경제,1주 전,'카카오톡' 대수술 돌입…23일 발표될 내용은?,https://www.sedaily.com/NewsView/2GY0HIZRFO,대표 기사
조선일보,4일 전,카톡 업데이트 논란에 홍민택 CPO “트래픽 안 줄었지만 개선할 것”,https://www.chosun.com/economy/tech_it/2025/10/01/VNQWE7VG7JCALJWG53W7SE4O6Y/?utm_source=naver&utm_medium=referral&utm_campaign=naver-news,대표 기사
파이낸셜뉴스,6일 전,"'부장님 사진' 보이니 '1점 리뷰' 혹평…카카오, '친구탭' 개선안 내놓는...",http://www.fnnews.com/news/202509282200062020,대표 기사
한스경제,1일 전,[기자수첩] '메신저' 카카오톡이 바란 것과 놓친 것,http://www.hansbiz.co.kr/news/articleView.html?idxno=781641,대표 기사
미디어오늘,1주 전,카카오톡 개편에 비판 쇄도…언론도 '불만 폭주' 지적,https://www.mediatoday.co.kr/news/articleView.html?idxno=329115,대표 기사
아시아경제,1주 전,"""이러니 요즘 애들이 카톡 안 쓰지""…15년 만의 개편에 '불만 폭발'",https://view.asiae.co.kr/article/2025092514265810712,대표 기사
한국경제,1주 전,"그야말로 대혼란…'국민 메신저' 카카오, 왜 돌변했나 봤더니",https://www.hankyung.com/article/202509260593g,대표 기사
연합뉴스,1주 전,[연합뉴스 이 시각 헤드라인] - 14:30,https://www.yna.co.kr/view/AKR20250924111100011?input=1195m,대표 기사
채널A,1주 전,“왜 10년 전 사진이?”…카카오톡 개편 불만 폭주,https://www.ichannela.com/news/main/news_detailPage.do?publishId=000000494162,대표 기사
아시아타임즈,5일 전,친구탭 개선한 ‘카카오톡’…AI로 민심잡기 총력,https://www.asiatime.co.kr/article/20250930500333,대표 기사
아시아경제,6일 전,"""카카오톡보다 훨씬 편해""…'친구탭'에 뿔난 직장인들 '네이트온' 갈아...",https://view.asiae.co.kr/article/2025092908163526176,대표 기사
SBS,2일 전,[스브스뉴스] 카카오톡 신규 업데이트는 불법일 수도 있다?? / 오목교 전...,https://news.sbs.co.kr/news/endPage.do?news_id=N1008282314&plink=ORI&cooper=NAVER,대표 기사
한국경제,1주 전,카톡 원성 자자한데…'탈퇴 없으니 이대로 간다고'?,https://www.hankyung.com/article/2025092717747,대표 기사
YTN사이언스,5일 전,"사용자 반발에...카카오톡, 첫 화면 '친구 목록' 되살린다",https://science.ytn.co.kr/program/view.php?mcd=0082&hcd=&key=202509301110134887,대표 기사
국민일보,1주 전,시총 3.4조 증발…카카오 ‘대개편’에 주가 폭락,https://www.kmib.co.kr/article/view.asp?arcid=0028757135&code=61141111&cp=nv,대표 기사
데일리안,6일 전,"투바투 범규 ""누굴 위한 카카오톡 업데이트? 너무 싫다""",https://www.dailian.co.kr/news/view/1555249/?sc=Naver,대표 기사
Sub-article,"노컷뉴스
6일 전
네이버뉴스","""카톡 업데이트 진짜 너무 싫다""…TXT 범규도 결국 폭발",https://www.nocutnews.co.kr/news/6407221?utm_source=naver&utm_medium=article&utm_campaign=20250929091053,Sub 기사
Sub-article,"텐아시아
6일 전
네이버뉴스","카톡 업데이트에 TXT 범규·이영지 소신 발언…""진짜 너무 싫어"" [TEN이슈...",https://www.tenasia.co.kr/article/2025092945414,Sub 기사
오마이뉴스,1주 전,카카오톡 자동 업데이트 이후... 돌이키고 싶다,https://www.ohmynews.com/NWS_Web/View/at_pg.aspx?CNTN_CD=A0003168831&CMPT_CD=P0010&utm_source=naver&utm_medium=newsearch&utm_campaign=naver_news,대표 기사
세계일보,1주 전,“카톡 절대 업뎃하지 마라”…카카오 개편에 역풍,https://www.segye.com/newsView/20250924511118?OutUrl=naver,대표 기사
매일경제,3일 전,“인스타그램 짝퉁 되고 싶었나”···카카오가 잃어버린 것들 [기자24...,https://www.mk.co.kr/article/11434801,대표 기사
동아일보,A30면 TOP,[광화문에서/이은택]카카오톡 친구를 진짜 친구라 생각했나,https://www.donga.com/news/Opinion/article/all/20250930/132499900/2,대표 기사
톱데일리,5일 전,"카뱅, 카카오와 '탈동조화' 할까…김범수 창업자 1심에 촉각",https://www.topdaily.kr/articles/105887,대표 기사
대경일보,6일 전,"카카오, 무료 이모티콘…업데이트 유도용?",https://www.dkilbo.com/news/articleView.html?idxno=516137,대표 기사
YTN,1주 전,"""원해서 이렇게 했겠냐""...카톡 업데이트 난리에 내부자의 토로",https://www.ytn.co.kr/_ln/0103_202509261046521242,대표 기사
어린이동아,4일 전,"카카오톡 '친구탭', 고객 불만 터져 나오자 원래대로",https://kids.donga.com/news/articleView.html?idxno=167111,대표 기사
아이뉴스24,3일 전,"카카오톡 친구탭 '목록형'으로 복귀, '피드형'은 선택⋯연내 적용",http://www.inews24.com/view/1893363,대표 기사
YTN,5일 전,"""카카오톡 CPO가 누구냐""...결국 백기 든 카카오 [Y녹취록]",https://www.ytn.co.kr/_ln/0134_202509300811070655,대표 기사
아시아경제,1주 전,"[IT카페]""다시 돌아갈래"" 달라진 카카오톡에 호불호 극명",https://view.asiae.co.kr/article/2025092416284154675,대표 기사
Sub-article,"한국경제
1주 전
네이버뉴스","""카톡 업데이트하면 절대 안 된다"" 불만 폭주…난리 난 이유",https://www.hankyung.com/article/2025092451087,Sub 기사
Sub-article,"이데일리
1주 전
네이버뉴스","업데이트 시작한 카카오톡, 바뀐 친구탭 일부 불만",http://www.edaily.co.kr/news/newspath.asp?newsid=03958966642303400,Sub 기사
디지털데일리,3일 전,"벤처 1세대가 본 카카오톡 업데이트 논란…""안타깝다 vs 수익성 때문""",https://www.ddaily.co.kr/page/view/2025100215451792096,대표 기사
뉴스워커,3일 전,카카오톡 업데이트 둘러싼 내부 공방 속 뜬금없이 참전한 토스 CEO...토스...,http://www.newsworker.co.kr/news/articleView.html?idxno=397469,대표 기사
머니투데이,1주 전,"""카톡이 왜 이래""…업데이트 끄는 법 찾으러 난리난 톡방, 무슨 일?",https://www.mt.co.kr/society/2025/09/24/2025092413311055975,대표 기사
한국경제,1주 전,"""위에서 하나하나 다 지시""…카카오 직원도 손절한 '카톡 개편' [이슈+]",https://www.hankyung.com/article/202509269957g,대표 기사
세계일보,A27면 1단,[설왕설래] 카카오톡 대개편 역풍,https://www.segye.com/newsView/20250928509994?OutUrl=naver,대표 기사
데일리안,5일 전,카카오 덕에 부원들에게 몹쓸 짓 하게 된 부장입니다 [박영국의 디스],https://www.dailian.co.kr/news/view/1555577/?sc=Naver,대표 기사
연합뉴스,6일 전,[속보] 결국 손 든 카카오톡…업데이트 이전 '친구목록' 첫 화면,https://www.yna.co.kr/view/AKR20250929129500017?input=1195m,대표 기사
Sub-article,"MBN
6일 전
네이버뉴스",[속보] 결국 손 든 카카오톡…업데이트 이전 '친구목록' 첫 화면,http://mbn.mk.co.kr/pages/news/newsView.php?category=mbn00009&news_seq_no=5144468,Sub 기사
한겨레,1주 전,"“쉰내 나는 인스타 됨”…카톡 개편 불만 속, 카카오 6% 넘게 폭락",https://www.hani.co.kr/arti/economy/it/1220924.html,대표 기사
MBN,1주 전,"카톡 업데이트, 커뮤니티에서도 난리?...""원해서 했겠나"" [포크뉴스]",http://www.mbn.co.kr/pages/vod/programContents.php?progCode=683&menuCode=4385&bcastSeqNo=1399899,대표 기사
한경비즈니스,1주 전,"""카톡이 이상해요""...업데이트 피하는 법에 관심 폭증",https://magazine.hankyung.com/business/article/202509271341b,대표 기사
뉴스1,5일 전,"부산교사 노조 ""카톡 업데이트, 청소년 정신건강 깊은 우려""",https://www.news1.kr/local/busan-gyeongnam/5930477,대표 기사
머니투데이,1주 전,"""카톡 업데이트 안 할래"" 불만 쏟아지자…카카오 6만원선도 위태",https://www.mt.co.kr/stock/2025/09/26/2025092610163618834,대표 기사
한겨레,1주 전,주가 6% 날린 카톡 업데이트…카카오 개발자도 “하고 싶어 했겠냐”,https://www.hani.co.kr/arti/economy/it/1221005.html,대표 기사
경기일보,1주 전,“이번 업데이트 최악인듯”…새로운 카톡에 날선 반응 폭발,https://www.kyeonggi.com/article/20250928580012,대표 기사
Sub-article,"키즈맘
1주 전","""친구탭 바뀌자 '역대 최악 업데이트'…카톡 이용자 뿔났다""",https://www.kizmom.com/news/articleView.html?idxno=104998,Sub 기사
Sub-article,"서울경제
1주 전
네이버뉴스","""1점도 아깝다…카톡, 돌려놔"" 비판 쏟아지는 카카오톡 '롤백' 나설까",https://www.sedaily.com/NewsView/2GY2SMWU6L,Sub 기사
Sub-article,"YTN사이언스
6일 전",'업데이트 혹평' 카카오톡...이번 주 일부 개선 방향 발표,https://science.ytn.co.kr/program/view.php?mcd=0082&hcd=&key=202509291110579500,Sub 기사
Sub-article,"YTN
6일 전
네이버뉴스","카카오톡, 숏폼탭 설정 개선...'혹평' 격자형 피드는?",https://www.ytn.co.kr/_ln/0102_202509290823120254,Sub 기사
Sub-article,"YTN
6일 전
네이버뉴스","사용자 반발에...카카오톡, 첫 화면 '친구 목록' 되살린다",https://www.ytn.co.kr/_ln/0102_202509291647501376,Sub 기사
Sub-article,"SBS Biz
6일 전
네이버뉴스","소비자 잇단 불만에…카카오톡, 기존 친구목록 되살린다",https://biz.sbs.co.kr/article_hub/20000262878?division=NAVER,Sub 기사
Sub-article,"디지털타임스
1주 전
네이버뉴스","“가난하지 않다”던 카카오톡, 광고 확대에 13년 전 공지 역풍",https://www.dt.co.kr/article/12020316?ref=naver,Sub 기사
아시아경제,6일 전,결국 백기 든 카카오톡…'친구목록' 첫 화면 되살린다,https://view.asiae.co.kr/article/2025092916213176437,대표 기사
Sub-article,"조세일보
6일 전
네이버뉴스",카톡 ‘친구목록’ 되살린다...카카오 결국 항복,http://www.joseilbo.com/news/news_read.php?uid=553836&class=33&grp=,Sub 기사
Sub-article,"글로벌이코노믹
6일 전","카카오톡, 친구목록 개선…이용자 의견 반영",https://www.g-enews.com/view.php?ud=2025092916093638963d7a510102_1,Sub 기사
Sub-article,"데일리안
6일 전
네이버뉴스","""이용자 반발에 결국""…카카오톡, 친구목록 복구하고 피드형 게시물 분...",https://www.dailian.co.kr/news/view/1555424/?sc=Naver,Sub 기사
Sub-article,"월요신문
6일 전",친구탭 앞으로 피드는 뒤로 …카카오톡 업데이트 개편,https://www.wolyo.co.kr/news/articleView.html?idxno=301890,Sub 기사
일간스포츠,1주 전,TXT 범규도 뿔났다... “카카오톡 업데이트 진짜 별로”,https://isplus.com/article/view/isp202509280148,대표 기사
Sub-article,"스포츠경향
1주 전
네이버뉴스",TXT 범규도 카톡에 화났다 “누굴 위한 업데이트냐”,https://sports.khan.co.kr/article/202509281624003?pt=nv,Sub 기사
Sub-article,"스타뉴스
1주 전
네이버뉴스","TXT 범규, 카카오톡 업데이트에 소신 발언 ""진짜 별로..굳이 없어도 되는...",https://www.starnewskorea.com/star/2025/09/28/2025092817323537284,Sub 기사
Sub-article,"이투데이
1주 전","TXT 범규, 카카오톡 업데이트에 질색⋯""너무 싫어, 남의 프로필 안 궁금...",https://www.etoday.co.kr/news/view/2511022,Sub 기사
Sub-article,"노컷뉴스
1주 전
네이버뉴스",TXT 범규·이영지·남보라…연예인도 카톡 업데이트에 불만,https://www.nocutnews.co.kr/news/6407142?utm_source=naver&utm_medium=article&utm_campaign=20250928080046,Sub 기사
시사저널,6일 전,"카카오톡, 피드형 친구탭 수정…친구목록 복원",https://www.sisajournal.com/news/articleView.html?idxno=348142,대표 기사
Sub-article,"부산일보
6일 전
네이버뉴스",카카오톡 ‘친구목록’ 이전 방식 복원한다… 4분기 적용,https://www.busan.com/view/busan/view.php?code=2025092916333939591,Sub 기사
Sub-article,"인사이트
6일 전","카카오톡, 이용자 불만에 '피드형 친구탭' 철회... ""친구목록 복원""",https://www.insight.co.kr/news/522358,Sub 기사
Sub-article,"대전일보
6일 전
네이버뉴스",카카오톡 '손 들었다'…업데이트 이전 '친구목록' 복원,https://www.daejonilbo.com/news/articleView.html?idxno=2230022,Sub 기사
Sub-article,"뉴스핌
6일 전","카카오톡 친구탭, '친구목록' 첫 화면으로 환원한다",https://www.newspim.com/news/view/20250929000989,Sub 기사
동아일보,6일 전,카카오톡 ‘친구탭’ 원상복구…이용자 혹평에 결국 백기,https://www.donga.com/news/It/article/all/20250929/132487994/1,대표 기사
Sub-article,"문화일보
6일 전
네이버뉴스",[속보]카카오톡 결국 기존 친구목록 복원,https://www.munhwa.com/article/11536650?ref=naver,Sub 기사
Sub-article,"중앙일보
6일 전
네이버뉴스","카카오톡, 결국 백기 들었다…첫 화면 '친구 목록' 원상복구",https://www.joongang.co.kr/article/25370872,Sub 기사
Sub-article,"파이낸셜뉴스
6일 전
네이버뉴스","'부장님 사진' 보이던 카카오, '친구목록' 되돌린다(종합)",http://www.fnnews.com/news/202509291634189719,Sub 기사
Sub-article,"국제신문
6일 전
네이버뉴스","카카오톡, 친구목록 첫 화면에 복원하기로",http://www.kookje.co.kr/news2011/asp/newsbody.asp?code=0200&key=20250929.99099009670,Sub 기사
비즈워치,2일 전,카톡 '빅뱅 프로젝트' 위기…카카오 리더십 시험대,http://news.bizwatch.co.kr/article/mobile/2025/09/30/0028,대표 기사
Sub-article,"파이낸셜투데이
2일 전","카카오톡, 15년만의 개편 후폭풍...이미지 회복 가능할까",http://www.ftoday.co.kr/news/articleView.html?idxno=348708,Sub 기사
전자신문,5일 전,"홍민택 카카오 CPO, 카톡 개편 배경 직접 해명",https://www.etnews.com/20250930000435,대표 기사
Sub-article,"서울경제
5일 전
네이버뉴스","카톡 대개편 역풍에 해명 나선 카카오 CPO ""불편 최소화 최선""",https://www.sedaily.com/NewsView/2GY3QD3FFO,Sub 기사
Sub-article,"데일리팝
5일 전","카카오톡 업데이트 논란, '독단적 리더십'이 부른 파국인가",http://www.dailypop.kr/news/articleView.html?idxno=91810,Sub 기사
Sub-article,"뉴스토마토
5일 전","카카오 CPO, 카톡 업데이트 배경 임직원에 해명",http://www.newstomato.com/ReadNews.aspx?no=1276795&inflow=N,Sub 기사
Sub-article,"톱스타뉴스
5일 전","카카오톡, 업데이트 후 혹평에 친구 목록 개선 결정→총괄 홍민택 CPO 해...",https://www.topstarnews.net/news/articleView.html?idxno=15824842,Sub 기사
데일리안,1주 전,국민 메신저 카카오톡 평점이 2.5라니…잇단 혹평에 '친구 게시물' 밀어...,https://www.dailian.co.kr/news/view/1554970/?sc=Naver,대표 기사
Sub-article,"한국경제
1주 전
네이버뉴스","""역대 최악"" 카톡 혹평 쏟아지더니…결국 부랴부랴 '결단'",https://www.hankyung.com/article/2025092831657,Sub 기사
Sub-article,"이투데이
1주 전","카카오, 카톡 업데이트 혹평에 숏폼탭 설정 개선 나설 듯",https://www.etoday.co.kr/news/view/2511101,Sub 기사
Sub-article,"세계일보
6일 전
네이버뉴스","“카톡 업데이트 아직 하지마세요” 친구목록 복원, 빨라야 오는 4분기...",https://www.segye.com/newsView/20250929516317?OutUrl=naver,Sub 기사
Sub-article,"TV조선
6일 전
네이버뉴스","카카오톡, 피드형 친구탭…친구목록으로 되돌린다",https://news.tvchosun.com/site/data/html_dir/2025/09/29/2025092990212.html,Sub 기사
Sub-article,"국민일보
1주 전
네이버뉴스","‘1점 리뷰’ 폭발에…카카오, 다음 주 ‘친구탭’ 개선 방안 발표",https://www.kmib.co.kr/article/view.asp?arcid=0028758566&code=61141111&cp=nv,Sub 기사
Sub-article,"디지털타임스
6일 전
네이버뉴스","[속보] 카카오톡, 친구목록 되살린다…이용자 반발 수용",https://www.dt.co.kr/article/12020818?ref=naver,Sub 기사
TV조선,6일 전,"'불만 폭주' 카카오톡, 개편 엿새 만에 '백기'…친구목록으로 첫화면 원...",https://news.tvchosun.com/site/data/html_dir/2025/09/29/2025092990305.html,대표 기사
Sub-article,"쿠키뉴스
6일 전","카카오톡, 이용자 불만 폭주에 '친구탭' 원상복구",https://www.kukinews.com/article/view/kuk202509290241,Sub 기사
Sub-article,"kbc광주방송
6일 전
네이버뉴스",결국 백기 든 카카오톡...'친구목록' 첫 화면으로,https://www.ikbc.co.kr/article/view/kbc202509290053,Sub 기사
Sub-article,"경기일보
6일 전
네이버뉴스",“돌려놔!” 이용자 반발에…카카오톡 친구목록 결국 '원상복구',https://www.kyeonggi.com/article/20250929580226,Sub 기사
Sub-article,"에이빙뉴스
6일 전","카카오, '최악의 업데이트' 역대급 혹평에 백기 들었다... 카카오톡 마이...",https://kr.aving.net/news/articleView.html?idxno=1804620,Sub 기사
Sub-article,"국제신문
6일 전
네이버뉴스","[속보] 카카오톡, 기존 친구탭 첫 화면 복원키로…업데이트 시기는",http://www.kookje.co.kr/news2011/asp/newsbody.asp?code=0200&key=20250929.99099009681,Sub 기사
Sub-article,"매일경제
1주 전
네이버뉴스","“못생겼어”…이영지, 카카오톡 업데이트에 소신발언",https://www.mk.co.kr/article/11429757,Sub 기사
Sub-article,"게임메카
6일 전
네이버뉴스","이용자 불만 폭발 카카오톡, '친구목록' 기능 복구 결정",https://www.gamemeca.com/mv.php?inflow=naver_s&gid=1766691,Sub 기사
Sub-article,"강원도민일보
6일 전
네이버뉴스","[속보] 두손 든 카카오톡, 친구탭 원상 복원…""피드백 반영, 4분기 적용...",https://www.kado.net/news/articleView.html?idxno=2008258,Sub 기사
TV조선,1주 전,"""자동 업데이트 어떻게 꺼요?""…카카오톡 대개편 첫날, 싸늘한 반응",https://news.tvchosun.com/site/data/html_dir/2025/09/24/2025092490300.html,대표 기사
Sub-article,"매일경제
1주 전
네이버뉴스",“자동 업데이트 끄는 법 알려주세요”…카카오톡 대개편 첫날 ‘불만 ...,https://www.mk.co.kr/article/11427826,Sub 기사
Sub-article,"아이뉴스24
1주 전
네이버뉴스","카카오톡 개편 후 이용자 불만 폭주⋯""예전 버전 돌려놔라""",http://www.inews24.com/view/1891671,Sub 기사
Sub-article,"메트로신문
1주 전",15년 만의 대변신이건만…카카오톡 업데이트에 이용자 '부글부글',http://www.metroseoul.co.kr/article/20250928500118,Sub 기사
Sub-article,"CBC뉴스
1주 전",카카오톡 업데이트 후 일부 사용자들 불만 폭주,https://www.cbci.co.kr/news/articleView.html?idxno=532651,Sub 기사
Sub-article,"한국일보
1주 전
네이버뉴스","인스타그램 따라 하다 역풍 맞은 카카오, '친구 탭' 손질한다",https://www.hankookilbo.com/News/Read/A2025092817300001586?did=NA,Sub 기사
Sub-article,"디지털투데이
6일 전","카카오, 결국 백기…카카오톡 개편 6일 만에 친구탭 되돌린다",https://www.digitaltoday.co.kr/news/articleView.html?idxno=594789,Sub 기사
Sub-article,"시사저널
1주 전
네이버뉴스","카카오톡, 15년 만의 대개편…""대화 중 챗GPT 쓴다""",https://www.sisajournal.com/news/articleView.html?idxno=347470,Sub 기사
Sub-article,"뉴스1
5일 전
네이버뉴스","카카오톡 개편 논란에 홍민택 CPO 해명…""이용자 불편 최소화""",https://www.news1.kr/it-science/general-it/5930703,Sub 기사
Sub-article,"매일신문
6일 전
네이버뉴스",백기 든 카톡…'친구목록' 업데이트 이전으로 되돌린다,https://www.imaeil.com/page/view/2025092916201494488,Sub 기사
매일경제,5일 전,"유세윤, 카카오톡 개편 호평 “난 솔직히 재미있어”",https://www.mk.co.kr/article/11432907,대표 기사
Sub-article,"톱스타뉴스
6일 전","""친구 목록 첫 화면 복원""…카카오톡, 업데이트 논란에 백기→피드형 친...",https://www.topstarnews.net/news/articleView.html?idxno=15823718,Sub 기사
Sub-article,"스포츠월드
1주 전
네이버뉴스","TXT 범규, 카카오톡 업데이트 불편함 토로 ‘급격한 변화 싫어’",https://www.sportsworldi.com/newsView/20250928509956,Sub 기사
Sub-article,"TJB대전방송
5일 전",친구탭 사태에 카카오 CPO 해명했지만…논란 이어져,http://www.tjb.co.kr/sub0301/bodo/view/id/85484,Sub 기사
인사이트,5일 전,'대규모 개편' 카카오톡에 분노한 이용자들... '이 메신저'로 몰렸다,https://www.insight.co.kr/news/522388,대표 기사
Sub-article,"쿠키뉴스
5일 전",이용자 불만에 한발 물러선 카카오…네이트온 반사 이익,https://www.kukinews.com/article/view/kuk202509300036,Sub 기사
Sub-article,"시사오늘
5일 전","카카오톡이 흔들린 그날, 네이트온이 다시 켜졌다",http://www.sisaon.co.kr/news/articleView.html?idxno=175955,Sub 기사
Sub-article,"톱스타뉴스
5일 전","카카오톡 업데이트 혹평에 앱스토어 17위로 추락→라인-네이트온, 신규...",https://www.topstarnews.net/news/articleView.html?idxno=15824549,Sub 기사
Sub-article,"한국경제
5일 전
네이버뉴스",카카오톡 개편에 반발? 라인·네이트온 반사이익 '톡톡',https://www.hankyung.com/article/2025093066987,Sub 기사
Sub-article,"일요신문
6일 전",이용자 불만 폭주에 결국 백기 든 '카카오'…친구 목록 복원한다,https://ilyo.co.kr/?ac=article_view&entry_id=500557,Sub 기사
한국금융신문,4일 전,카톡 바꾼 홍민택 카카오 CPO 누구?,http://www.fntimes.com/html/view.php?ud=2025100110550533957fd637f543_18,대표 기사
Sub-article,"블로터
4일 전
네이버뉴스",[어바웃 C]'책임론' 직면한 카카오 홍민택…4분기 업데이트가 시험대,https://www.bloter.net/news/articleView.html?idxno=645098,Sub 기사
Sub-article,"컨슈머타임스
4일 전","홍민택 카카오 CPO, 카카오톡 친구 탭 업데이트 논란에 사내 해명",https://www.cstimes.com/news/articleView.html?idxno=670521,Sub 기사
Sub-article,"문화일보
1주 전
네이버뉴스","“카카오팀 가난하지 않다”했던 카카오톡, 지금은?···광고 확대에 1...",https://www.munhwa.com/article/11536197?ref=naver,Sub 기사
Sub-article,"톱스타뉴스
1주 전","""남 프로필 안 궁금한데""…투바투 범규, 카카오톡 업데이트에 불만",https://www.topstarnews.net/news/articleView.html?idxno=15822296,Sub 기사
Sub-article,"SBS
6일 전
네이버뉴스",[속보] 결국 백기 든 카카오톡…피드형 친구탭 철회 (D리포트),https://news.sbs.co.kr/news/endPage.do?news_id=N1008277011&plink=ORI&cooper=NAVER,Sub 기사
Sub-article,"데일리안
1주 전
네이버뉴스","""챗GPT 업고 피드형으로 개편""...싹 바뀐 카카오톡 살펴보니(종합)",https://www.dailian.co.kr/news/view/1552800/?sc=Naver,Sub 기사
Sub-article,"서울신문
5일 전
네이버뉴스",‘친구탭’ 사태로 홍역 앓는 카카오…개편 총괄한 홍민택 CPO 해명,https://www.seoul.co.kr/news/economy/industry/2025/09/30/20250930500260?wlog_tag3=naver,Sub 기사
Sub-article,"KBS
6일 전
네이버뉴스",‘카톡 개악’ 불만 속출에…카카오톡 “친구 목록 복원”,https://news.kbs.co.kr/news/pc/view/view.do?ncd=8370419&ref=A,Sub 기사
Sub-article,"한국경제
6일 전
네이버뉴스","결국 백기 든 카카오…""카톡 친구목록 복원""",https://www.hankyung.com/article/2025092955871,Sub 기사
디지털데일리,4일 전,카카오 내부 저격?…이승건 토스 대표 “팀원 조롱 말고 원팀으로 문제...,https://www.ddaily.co.kr/page/view/2025100115064046894,대표 기사
Sub-article,"글로벌이코노믹
6일 전",‘카카오톡’ 최악의 업데이트 논란…개선 방안 빨리 반영돼야,https://www.g-enews.com/view.php?ud=202509291705221436638475ab2b_1,Sub 기사
Sub-article,"세계비즈
1주 전",카카오톡 업데이트에 이용자 불만 폭발!…이탈자도?,http://www.segyebiz.com/newsView/20250928509716?OutUrl=naver,Sub 기사
Sub-article,"뉴스웨이
6일 전",커지는 카카오톡 개편 역풍…'라인·텔레·왓츠앱' 대이동 조짐,https://www.newsway.co.kr/news/view?ud=2025092914591002958,Sub 기사
Sub-article,"OBS
6일 전","카카오, '불만 폭주'에 무릎…친구탭 원상복구",https://www.obsnews.co.kr/news/articleView.html?idxno=1499005,Sub 기사
Sub-article,"데일리한국
6일 전","카카오톡, '친구탭' 첫 화면 기존 친구목록으로 복원",https://daily.hankooki.com/news/articleView.html?idxno=1277843,Sub 기사
Sub-article,"아시아경제
5일 전
네이버뉴스","물 들어올 때 노젓던 라인·네이트온…카카오톡 ""나 다시 돌아왔어""",https://view.asiae.co.kr/article/2025093014085189663,Sub 기사
Sub-article,"대경일보
1주 전","""역대 최악의 업데이트""… 카카오톡 '대개편'에 쏟아진 1점 리뷰",https://www.dkilbo.com/news/articleView.html?idxno=515887,Sub 기사
Sub-article,"굿모닝경제
6일 전",'카카오톡 개편' 싸늘한 반응에…'친구목록' 되돌린다,https://www.goodkyung.com/news/articleView.html?idxno=273580,Sub 기사
Sub-article,"아이티데일리
6일 전","카카오, 잇따른 비판에 백기…AI로 여론 반전 가능할까",http://www.itdaily.kr/news/articleView.html?idxno=235592,Sub 기사
Sub-article,"채널A
6일 전
네이버뉴스","카카오톡, 친구목록 원래대로…6일 만에 백기",https://www.ichannela.com/news/main/news_detailPage.do?publishId=000000494346,Sub 기사
Sub-article,"톱스타뉴스
6일 전","카카오톡 업데이트 비판 여론 확산→주가 하락에 결국 백기…""친구 탭 ...",https://www.topstarnews.net/news/articleView.html?idxno=15822827,Sub 기사
Sub-article,"EBN
1주 전","""메신저가 소셜앱 됐다""…카카오톡 개편 이용자 불만 폭주",https://www.ebn.co.kr/news/articleView.html?idxno=1680393,Sub 기사
Sub-article,"스카이데일리
6일 전",카카오 친구 탭 이전처럼 되돌린다,https://m.skyedaily.com/news_view.html?ID=286797,Sub 기사
Sub-article,"뉴스웍스
6일 전",카카오톡 '친구목록' 첫 화면 부활…개편 불만 폭주에 결국 '백기',https://www.newsworks.co.kr/news/articleView.html?idxno=813075,Sub 기사
Sub-article,"서울경제TV
6일 전",‘카카오톡 개편 역풍’ 이용자 항의 빗발…“이번주 개선안”,https://www.sentv.co.kr/article/view/sentv202509290129,Sub 기사
Sub-article,"바이라인네트워크
6일 전",[심재석의 입장] 카카오는 왜 그랬을까?,https://byline.network/?p=9004111222579371,Sub 기사
Sub-article,"매일신문
1주 전
네이버뉴스","'1점 리뷰 혹평' 카카오, 결국 '친구 탭' 개선 방안 내놓는다",https://www.imaeil.com/page/view/2025092818454716200,Sub 기사
Sub-article,"헤럴드경제
1주 전
네이버뉴스",새 카톡 개편 ‘대란’…카카오 “개선 방안 논의 중”,https://biz.heraldcorp.com/article/10585155?ref=naver,Sub 기사
Sub-article,"채널A
1주 전
네이버뉴스","가수 이영지, 카카오톡 업데이트에 “싫어! 제발!” [자막뉴스]",https://www.ichannela.com/news/main/news_detailPage.do?publishId=000000493921,Sub 기사
Sub-article,"마이데일리
1주 전
네이버뉴스","이영지, 카카오톡 업데이트에 ""못생겼어! 싫어! 제발!"" 분노",https://www.mydaily.co.kr/page/view/2025092601114071940,Sub 기사
테크M,3일 전,카카오 AI 메이트 '카나나' 대규모 업데이트로 '환골탈태',https://www.techm.kr/news/articleView.html?idxno=145127,대표 기사
Sub-article,"이코노믹리뷰
3일 전",타로 봐주고 야구 편파중계…카카오 AI '딴짓'의 의미,https://www.econovill.com/news/articleView.html?idxno=713710,Sub 기사
Sub-article,"디스패치
6일 전
네이버뉴스","""누구를 위한 업데이트?""…범규, 카톡 업데이트 비판",http://www.dispatch.co.kr/2332670,Sub 기사
Sub-article,"위키트리
6일 전","""남 프로필 안 궁금한데, 진짜 X 별로""…카카오톡 업데이트에 소신 발언...",https://www.wikitree.co.kr/articles/1085034,Sub 기사
Sub-article,"남도일보
6일 전","[속보]이용자 혹평 폭발…카카오, 카톡 '친구목록' 복원 선언",http://www.namdonews.com/news/articleView.html?idxno=834658,Sub 기사
Sub-article,"인더뉴스
6일 전","카카오, 이용자 반발에 결국 친구탭 개편…‘친구목록’ 첫 화면으로",https://www.inthenews.co.kr/news/article.html?no=77597,Sub 기사
Sub-article,"조선비즈
1주 전
네이버뉴스","카카오톡, 15년 만에 대대적 서비스 개편… 메시지 수정·보이스톡 통화...",https://biz.chosun.com/it-science/ict/2025/09/23/JSYSYKLWTVASPI4BIP2YZAKPWU/?utm_source=naver&utm_medium=original&utm_campaign=biz,Sub 기사
Sub-article,"지디넷코리아
1주 전
네이버뉴스",카카오톡서 챗GPT 쓴다...일상 피드 올리는 친구탭으로 개편,https://zdnet.co.kr/view/?no=20250923103003,Sub 기사
Sub-article,"TJB대전방송
6일 전",'불만 폭주'에 무릎 꿇은 카카오…친구탭 원상복구 결정,http://www.tjb.co.kr/sub0301/bodo/view/id/85406,Sub 기사
Sub-article,"일요서울
6일 전",카카오톡 대규모 개편 '혹평'... 이용자 불만 폭증에 결국 손 본다,https://www.ilyoseoul.co.kr/news/articleView.html?idxno=507861,Sub 기사
Sub-article,"EBN
1주 전","카카오톡 개편 '1점 리뷰' 폭주… 카카오, 개선안 마련 착수",https://www.ebn.co.kr/news/articleView.html?idxno=1680415,Sub 기사
Sub-article,"위키트리
1주 전",급기야... 카카오톡 업데이트 파장이 이렇게까지 커지고 있다,https://www.wikitree.co.kr/articles/1084758,Sub 기사
서울경제,6일 전,"""1점 테러 폭주""…카톡 최악 업데이트 논란에 카카오, 결국 '친구탭' 손...",https://www.sedaily.com/NewsView/2GY39C76OJ,대표 기사
Sub-article,"여성조선
6일 전","카카오, '1점' 리뷰 폭주에 결국 백기... 문제의 '친구탭' 손본다",http://woman.chosun.com/news/articleView.html?idxno=123253,Sub 기사
Sub-article,"엑스포츠뉴스
1주 전
네이버뉴스","이영지→TXT 범규, 아이돌도 뿔났다…'카톡' 업데이트에 ""진짜 별로"" [엑...",https://www.xportsnews.com/article/2059136,Sub 기사
Sub-article,"조선일보
1주 전
네이버뉴스",‘투바투’ 멤버 “카톡 업데이트 싫다... 되돌릴 기능 만들어달라”,https://www.chosun.com/national/people/2025/09/28/EFRWGGHTA5A7JAEJLFHCJXXFCM/?utm_source=naver&utm_medium=referral&utm_campaign=naver-news,Sub 기사
Sub-article,"뉴스1
1주 전
네이버뉴스","TXT 범규, 카톡 업데이트에 불만 ""진짜 별로…남 프로필 안 궁금""",https://www.news1.kr/entertain/celebrity-topic/5927740,Sub 기사
Sub-article,"뉴시스
1주 전
네이버뉴스","TXT 범규, 카톡 업데이트에 ""진짜 X별로, 남의 프로필 안 궁금해""",https://www.newsis.com/view/NISX20250928_0003347178,Sub 기사
Sub-article,"머니투데이
6일 전
네이버뉴스","숏폼 조준한 카카오, '숏 베팅' 잠재울까…6만원 회복",https://www.mt.co.kr/stock/2025/09/29/2025092916503996786,Sub 기사
Sub-article,"투데이신문
6일 전",카카오톡 개편 역풍 맞은 카카오…5일 만에 원상복구 결정,https://www.ntoday.co.kr/news/articleView.html?idxno=119988,Sub 기사
Sub-article,"서울이코노미뉴스
6일 전","카카오톡,업데이트 후폭풍…이용자 불만폭주 속 개선안에 부심",http://www.seouleconews.com/news/articleView.html?idxno=86624,Sub 기사
조선비즈,1주 전,“고등학생 때 사진까지… 다 지우러 간다” 이영지도 기겁한 카톡 업데...,https://biz.chosun.com/entertainment/enter_general/2025/09/26/GLUMXXJWBZBX5JS3RHYWNQAPW4/?utm_source=naver&utm_medium=original&utm_campaign=biz,대표 기사
Sub-article,"서울신문
1주 전
네이버뉴스",“고딩 때 프사가” 이영지도 경악한 카톡 업데이트…내부선 “시키는...,https://www.seoul.co.kr/news/economy/IT/2025/09/26/20250926500072?wlog_tag3=naver,Sub 기사
시사위크,5일 전,"카카오톡 개편 후폭풍… 카카오, 주가 추락에 백기",https://www.sisaweek.com/news/articleView.html?idxno=229526,대표 기사
Sub-article,"내일신문
5일 전","카카오톡 ‘친구’탭, 원상태로 되돌린다",https://www.naeil.com/news/read/563121?ref=naver,Sub 기사
Sub-article,"논객닷컴
5일 전",'혹평' 카카오톡 개편 실패에 경영진 책임론 커진다,http://www.nongaek.com/news/articleView.html?idxno=92807,Sub 기사
Sub-article,"필드뉴스
5일 전",이용자 불만 폭주에 카카오 결국 백기…카카오톡 친구목록 롤백,http://www.fieldnews.kr/news/articleView.html?idxno=22025,Sub 기사
Sub-article,"청년일보
5일 전","카카오톡 업데이트 '혹평' 속에....카카오, 인사 검증 실패 논란 '잡음'",https://www.youthdaily.co.kr/news/article.html?no=197749,Sub 기사
Sub-article,"뉴스웨이
6일 전",혹평에 백기 든 카카오…카톡 첫 화면 '친구목록' 부활,https://www.newsway.co.kr/news/view?ud=2025092916280112433,Sub 기사
Sub-article,"테크M
6일 전",'피드·숏폼' 밀어붙인 카카오톡...예상된 진통에도 '강행' 이유는,https://www.techm.kr/news/articleView.html?idxno=144999,Sub 기사
Sub-article,"핀포인트뉴스
6일 전","혹평에 결국 두 손 든 카카오톡...""친구 목록 복원""",https://www.pinpointnews.co.kr/news/articleView.html?idxno=381367,Sub 기사
Sub-article,"서울이코노미뉴스
6일 전","카카오톡,이용자 불만 폭주에 백기...'친구 탭' 원상복구",http://www.seouleconews.com/news/articleView.html?idxno=86642,Sub 기사
Sub-article,"비즈니스포스트
6일 전","카톡 개편 후폭풍에 카카오 긴급 진화, 지금탭 보완·친구탭 개선안도 ...",https://www.businesspost.co.kr/BP?command=article_view&num=413980,Sub 기사
Sub-article,"글로벌이코노믹
1주 전","카카오톡 개편 후 이용자 불만 '빗발'...""피드백 경청·반영할 것""",https://www.g-enews.com/view.php?ud=202509281413274273fa4bb4fab2_1,Sub 기사
Sub-article,"파이낸셜포스트
3일 전","""우린 그렇게 안해"" 이승건 토스 대표, 카카오 '저격'에…홍민택 CPO '사...",https://www.financialpost.co.kr/news/articleView.html?idxno=234413,Sub 기사
뉴스엔,4일 전,전소미 불만 터졌다…카톡 업데이트 피해자 인증 “내 의사와 상관없어...,https://www.newsen.com/news_view.php?uid=202510011009521110,대표 기사
Sub-article,"아시아경제
1주 전
네이버뉴스",'카톡서 챗GPT 바로 쓴다'…15년 만에 대규모 개편,https://view.asiae.co.kr/article/2025092308591022336,Sub 기사
데일리안,1주 전,카톡 업데이트 불만 확산…‘끄기·취소·되돌리기’ 검색어 상위권,https://www.dailian.co.kr/news/view/1554691/?sc=Naver,대표 기사
Sub-article,"서울신문
1주 전
네이버뉴스","카톡 최악 업데이트 비판에… 카카오, 결국 “친구탭·숏폼 설정 개선”",https://www.seoul.co.kr/news/economy/IT/2025/09/29/20250929020003?wlog_tag3=naver,Sub 기사
Sub-article,"컨슈머타임스
1주 전","카카오, 카톡 대개편 후 혹평에 '친구탭' 개선한다",https://www.cstimes.com/news/articleView.html?idxno=669853,Sub 기사
Sub-article,"IT조선
6일 전",카톡 후폭풍 맞은 카카오… 지금탭 수정하고 친구탭 개선 검토,https://it.chosun.com/news/articleView.html?idxno=2023092148195,Sub 기사
Sub-article,"뉴스1
1주 전
네이버뉴스","이영지 ""카톡 업데이트 했더니 고딩 프사·박재범 사진…아악 싫어""",https://www.news1.kr/entertain/celebrity-topic/5926336,Sub 기사
Sub-article,"이투데이
1주 전","카카오톡 업데이트, 이영지도 경악⋯과거 프사 끌올에 ""이래도 되는 건...",https://www.etoday.co.kr/news/view/2510828,Sub 기사
Sub-article,"인사이트
1주 전","이영지, 카톡 자동 업데이트에 발끈 ""못생겼어... 다 지우러 간다""",https://www.insight.co.kr/news/521894,Sub 기사
톱스타뉴스,5일 전,"""안돼"" 유세윤, 카톡 업데이트에 소신 발언…원상복구 반대?",https://www.topstarnews.net/news/articleView.html?idxno=15824480,대표 기사
Sub-article,"공감신문
1주 전","카카오톡 15년만의 대규모 개편… 사용자 불만 폭발, '역대 최악' 평가 ...",https://www.gokorea.kr/news/articleView.html?idxno=841163,Sub 기사
Sub-article,"데일리굿뉴스
1주 전","카카오톡 '1점 리뷰' 폭주…""역대 최악의 업데이트""",https://www.goodnews1.com/news/articleView.html?idxno=452015,Sub 기사
Sub-article,"머니투데이
1주 전
네이버뉴스",카카오톡에 들어온 챗GPT…카나나가 대화 요약에 일정 관리까지,https://www.mt.co.kr/tech/2025/09/23/2025092309234313940,Sub 기사
SBS Biz,1주 전,"""카톡 업데이트 끄는 법 알려주세요""…개편 첫날 불만 터졌다",https://biz.sbs.co.kr/article_hub/20000261735?division=NAVER,대표 기사
Sub-article,"한국경제TV
1주 전
네이버뉴스",카카오톡 대개편에…'업데이트 끄기' 찾는다,http://www.wowtv.co.kr/NewsCenter/News/Read?articleId=A202509240523&t=NN,Sub 기사
MBC,6일 전,"""이번 업데이트는 최악""‥이용자 반발에 카카오톡 일주일 만에 백기 들...",https://imnews.imbc.com/replay/2025/nwdesk/article/6761105_36799.html,대표 기사
서울경제,1주 전,카톡 업데이트 후 혹평 일색…'자동 업데이트 끄는 법' 공유도,https://www.sedaily.com/NewsView/2GY1FFRFUM,대표 기사
Sub-article,"문화일보
1주 전
네이버뉴스",카카오톡 대개편 후 “업데이트 껐다” 불만 속출,https://www.munhwa.com/article/11535877?ref=naver,Sub 기사
KBS,5일 전,[사사건건] “왜 부장님 일상을…”…카카오톡 개편 불만 폭주,https://news.kbs.co.kr/news/pc/view/view.do?ncd=8371371&ref=A,대표 기사
Sub-article,"금융소비자뉴스
5일 전",오락가락 카카오...'업데이트' → '원상복구' 결정에 주가↑,http://www.newsfc.co.kr/news/articleView.html?idxno=74127,Sub 기사
Sub-article,"HBN뉴스
5일 전",업데이트 '불만 폭주' 카카오...결국 친구탭 원상복구,https://hbnpress.com/news/view/1065572761443033,Sub 기사
인사이트,3일 전,"트래픽은 유지 중... '수익 제로' 피하려는 카톡, '중대한 결정' 내렸다",https://www.insight.co.kr/news/522885,대표 기사
머니투데이,17면 1단,"""다 반대한 카톡 개편, 윗선이 강행"" 내부 폭로 나왔다…카카오 입장은...",https://www.mt.co.kr/tech/2025/09/29/2025092612224652589,대표 기사
KBS,5일 전,“카톡 업데이트 아직 하지마세요” 남은 문제들 [뉴스in뉴스],https://news.kbs.co.kr/news/pc/view/view.do?ncd=8371270&ref=A,대표 기사
MBN,5일 전,"'6일 천하'로 끝난 카카오톡 개편…""친구 목록 되살리겠다""",http://www.mbn.co.kr/pages/news/newsView.php?news_seq_no=5144578,대표 기사
뉴데일리,5일 전,개편 후폭풍 카카오·두나무 품은 네이버 … 빅테크 주주 희비 교차 [김...,https://biz.newdaily.co.kr/site/data/html/2025/09/30/2025093000103.html,대표 기사
Sub-article,"천지일보
6일 전","카톡 개편에 '불만 폭주'… 카카오, 개선 방안 내놓는다",https://www.newscj.com/news/articleView.html?idxno=3323064,Sub 기사
IT조선,4일 전,"""업데이트 참사""… 홍민택 카카오 CPO, 사내 해명문 게재",https://it.chosun.com/news/articleView.html?idxno=2023092148329,대표 기사
Sub-article,"일간스포츠
1주 전
네이버뉴스","이영지, 카톡 업데이트에 소신 발언 “못생겼어, 다 지울 것”",https://isplus.com/article/view/isp202509260004,Sub 기사
중앙일보,1주 전,"""위에서 하나하나 다 지시"" 카카오 개발자도 손절한 카톡 개편",https://www.joongang.co.kr/article/25370326,대표 기사
Sub-article,"데일리안
1주 전
네이버뉴스","""카톡 개발자 욕하지 말아줘"" 카카오 내부자의 호소",https://www.dailian.co.kr/news/view/1554626/?sc=Naver,Sub 기사
한국경제,1주 전,"""카톡이 이럴 줄은 상상도 못 했다""…뿔난 이용자들 결국",https://www.hankyung.com/article/2025092575387,대표 기사
Sub-article,"중앙일보
1주 전
네이버뉴스","""왜 사적인 사진까지 보여주냐""…카톡 '업데이트 끄는 법' 퍼진다",https://www.joongang.co.kr/article/25369841,Sub 기사
Sub-article,"OSEN
1주 전
네이버뉴스","TXT 범규→이영지, 카톡 업데이트에 소신발언 “못 생겼어…남 프로필 ...",http://www.osen.co.kr/article/G1112666864,Sub 기사
남도일보,1주 전,"""업무용 메신저가 SNS 됐다"" 카카오톡 대개편에 이용자 불만 확산",http://www.namdonews.com/news/articleView.html?idxno=834549,대표 기사
Sub-article,"파이낸셜뉴스
1주 전
네이버뉴스","""자동 업데이트 꼭 끄세요” 카카오톡 대개편에 누리꾼 불만 섞인 ‘꿀...",http://www.fnnews.com/news/202509241442285658,Sub 기사
논객닷컴,3일 전,[김봉성 칼럼] 카카오톡 업데이트에 분노한 이유,http://www.nongaek.com/news/articleView.html?idxno=92817,대표 기사
파이낸셜뉴스,31면 1단,"[기자수첩] 카카오톡, 이용자 의견 살펴야",http://www.fnnews.com/news/202509281846315734,대표 기사
Sub-article,"파이낸셜뉴스
1주 전
네이버뉴스","DNA 바꾼다는 카카오톡, '장고 끝 악수' 아닌가",http://www.fnnews.com/news/202509281215349146,Sub 기사
국제신문,6일 전,‘업데이트 혹평’에 결국 백기 든 카카오 “개선 방안 논의 중”,http://www.kookje.co.kr/news2011/asp/newsbody.asp?code=0800&key=20250929.99099009519,대표 기사
Sub-article,"YTN
6일 전
네이버뉴스",혹평 의식한 카카오톡...결국 이번 주 '또 다른 변화' 예고 [지금이뉴스...,https://www.ytn.co.kr/_ln/0134_202509291017052488,Sub 기사
Sub-article,"프라임경제
6일 전","'쉰스타그램' 카톡 혹평에…카카오, 결국 '친구탭' 개선한다",http://www.newsprime.co.kr/news/article.html?no=706216,Sub 기사
Sub-article,"필드뉴스
6일 전","카톡 업데이트 후 혹평 줄이어…카카오, 결국 숏폼탭 설정 개선",http://www.fieldnews.kr/news/articleView.html?idxno=21965,Sub 기사
Sub-article,"게임포커스
6일 전","""이용자 편의 위해 최선 다하겠다"" 카카오 '카카오톡' 친구탭 개선 업데...",https://gamefocus.co.kr/detail.php?number=169778,Sub 기사
Sub-article,"세계비즈
6일 전","“카톡 원래대로 돌려내!”… 백기 든 카카오, 친구탭 원상복구 약속",http://www.segyebiz.com/newsView/20250929517601?OutUrl=naver,Sub 기사
SBS,6일 전,"결국 백기 든 카카오…""구관이 명관"" 친구목록 복원",https://news.sbs.co.kr/news/endPage.do?news_id=N1008277200&plink=ORI&cooper=NAVER,대표 기사
조선비즈,5일 전,‘라인 4배·네이트온 43배' 신규 설치 급증…“카톡 업데이트에 실망”,https://biz.chosun.com/it-science/ict/2025/09/30/UIW7HWRFKJDUPE3OPTH36GZRWQ/?utm_source=naver&utm_medium=original&utm_campaign=biz,대표 기사
Sub-article,"전남일보
6일 전","'이용자 혹평에'…카카오톡, 첫 화면 친구목록 복원",https://www.jnilbo.com/news/articleView.html?idxno=90000007412,Sub 기사
Sub-article,"청년일보
1주 전","카카오톡 대개편 후 사용자 ""불만 폭주""…메신저 정체성 '흔들'",https://www.youthdaily.co.kr/news/article.html?no=197673,Sub 기사
Sub-article,"스포츠동아
1주 전
네이버뉴스","“진짜 X별로” TXT 범규, 카톡 업데이트에 불만 폭발",https://sports.donga.com/ent/article/all/20250928/132479951/1,Sub 기사
Sub-article,"케이벤치
5일 전",불만 폭주에 카카오톡 결국 '백기'…친구목록 원상복구,https://kbench.com/?q=node/271895,Sub 기사
Sub-article,"헤럴드POP
1주 전
네이버뉴스","[팝업★]“안돼 제발..아 못생겼어” 이영지, 카카오톡 업데이트에 기겁...",https://www.heraldpop.com/article/10584319?ref=naver,Sub 기사
Sub-article,"바이라인네트워크
6일 전","거센 반발에 물러서는 카카오, 친구 탭 원상복귀한다",https://byline.network/?p=9004111222579509,Sub 기사
Sub-article,"뉴스퀘스트
6일 전","카카오, 결국 두손 들었다…친구탭 원래대로 복구",https://www.newsquest.co.kr/news/articleView.html?idxno=253914,Sub 기사
텐아시아,5일 전,"남보라·이영지, 불편감 호소하더니 결국 이겼다…카카오톡 ""이전으로 ...",https://www.tenasia.co.kr/article/2025093062754,대표 기사
JTBC,1주 전,"""되돌려 놔"" 카톡 업데이트에 난리…내부 폭로까지 나온 상황",https://news.jtbc.co.kr/article/NB12264689?influxDiv=NAVER,대표 기사
YTN,4일 전,"[자막뉴스] 카카오, 뒤늦게 백기 들었지만...홍민택 CPO 내부망에 쓴 글...",https://www.ytn.co.kr/_ln/0134_202510011341029267,대표 기사
기호일보,5일 전,카카오톡 업데이트,http://www.kihoilbo.co.kr/news/articleView.html?idxno=1160862,대표 기사
한국경제,1주 전,챗GPT가 카톡 안으로 들어왔다…AI로 싹 바뀐 '카카오톡',https://www.hankyung.com/article/202509232006g,대표 기사
조선일보,A26면 1단,[데스크에서] 카카오톡 개편 참사가 남긴 교훈,https://www.chosun.com/opinion/desk/2025/09/30/UK5SM3DFXZH6PBOFPN6TPXFNDI/?utm_source=naver&utm_medium=referral&utm_campaign=naver-news,대표 기사
머니S,5일 전,"15년 만의 개편, 원상복구 수습… 카카오톡, 무엇이 문제였나",https://www.moneys.co.kr/article/2025093014383358132,대표 기사
IT조선,4일 전,"""실무자 잘못?"" 이승건 토스 대표, 불난 카카오에 부채질",https://it.chosun.com/news/articleView.html?idxno=2023092148431,대표 기사
Sub-article,"허프포스트코리아
5일 전",'평점 테러' 업데이트 일주일 만에 결국 무릎 꿇은 카카오톡: 카카오가...,https://www.huffingtonpost.kr/news/articleView.html?idxno=238781,Sub 기사
Sub-article,"세계일보
1주 전
네이버뉴스",카카오톡 개편 후 “불편” 목소리…자동 업데이트 끄는 방법은?,https://www.segye.com/newsView/20250924512360?OutUrl=naver,Sub 기사
뉴스엔,5일 전,"유세윤, 카카오톡 개편 소신발언 “키스할 때도 까똑? 난 솔직히 재미있...",https://www.newsen.com/news_view.php?uid=202509301515422110,대표 기사
스타뉴스,1주 전,"이영지 이어 남보라도..카카오톡 업데이트에 경악 ""이게 뭐야""",https://www.starnewskorea.com/star/2025/09/26/2025092618465436372,대표 기사
Sub-article,"핀포인트뉴스
6일 전","""역대 최악"" 혹평에...카카오톡, 주가·평점 동반 추락",https://www.pinpointnews.co.kr/news/articleView.html?idxno=381289,Sub 기사
Sub-article,"중소기업신문
6일 전","'카톡 혹평' 카카오, 결국 숏폼탭 설정 개선",http://www.smedaily.co.kr/news/articleView.html?idxno=339383,Sub 기사
Sub-article,"머니투데이
1주 전
네이버뉴스","이영지, 카톡 자동 업데이트에 경악…""못생겼어, 다 지우러 간다""",https://www.mt.co.kr/entertainment/2025/09/26/2025092605494097978,Sub 기사
제민일보,5일 전,"유세윤, 카카오톡 개편에 '까똑' 뮤직비디오 공유",https://www.jemin.com/news/articleView.html?idxno=828246,대표 기사
JTBC,1주 전,"""업데이트 안 할래"" 카카오톡 새 기능에 반응 '싸늘' [소셜픽]",https://news.jtbc.co.kr/article/NB12264263?influxDiv=NAVER,대표 기사
아시아경제,1주 전,"""가난하지 않다더니 가난해졌어?"" 개편 카카오톡 불만에 옛 '공지' 강제...",https://view.asiae.co.kr/article/2025092613241435098,대표 기사
Sub-article,"서울경제
1주 전
네이버뉴스","""혹시 가난해졌나?""…카톡 업데이트 논란에 13년 전 공지 재소환",https://www.sedaily.com/NewsView/2GY1W4HACG,Sub 기사
Sub-article,"KBS
1주 전
네이버뉴스",“카카오 그렇게 가난하진 않습니다”라더니…13년 전 공지 재소환 이유...,https://news.kbs.co.kr/news/pc/view/view.do?ncd=8368647&ref=A,Sub 기사
서울신문,1주 전,“자동 업데이트 껐다” 카카오톡 개편에 이용자 불만 속출,https://www.seoul.co.kr/news/economy/IT/2025/09/23/20250923500231?wlog_tag3=naver,대표 기사
더팩트,1주 전,"카카오톡, 15년 만에 환골탈태…SNS·AI 새 기능 통할까 [TF현장]",https://news.tf.co.kr/read/economy/2246767.htm,대표 기사
머니투데이,6일 전,"카카오워크, AI 기능 추가·외부 서비스 통합 연동 등 기능 업데이트",https://www.mt.co.kr/tech/2025/09/29/2025092908440149649,대표 기사
Sub-article,"아시아경제
6일 전
네이버뉴스","디케이테크인, 카카오워크 업데이트…업무 효율 높이고 보안 강화",https://view.asiae.co.kr/article/2025092910452340509,Sub 기사
Sub-article,"세계비즈
1주 전","카카오, 카톡 개편 후 혹평에 숏폼탭 설정 개선키로",http://www.segyebiz.com/newsView/20250928510743?OutUrl=naver,Sub 기사
한국경제,1주 전,"카카오톡, 개편에 주가 6% 떨어진 까닭",https://www.hankyung.com/article/2025092604297,대표 기사
한국경제,6일 전,"[속보] 카카오톡 친구탭, '친구목록' 첫 화면으로 복구",https://www.hankyung.com/article/202509295442i,대표 기사
Sub-article,"비즈니스포스트
6일 전","카카오, 카카오톡 친구탭 '친구목록' 첫 화면으로 되돌리기로",https://www.businesspost.co.kr/BP?command=article_view&num=414046,Sub 기사
Sub-article,"머니투데이방송
6일 전",'비난 폭주'에 카카오 '백기'...카톡 친구목록 개편전 상태로 복원,https://news.mtn.co.kr/news-detail/2025092916393825242,Sub 기사
매일신문,1주 전,어? '네이트온' 아직 되네…'카카오톡' 배신에 다시 '네이트온' 깔아보...,https://www.imaeil.com/page/view/2025092610213530842,대표 기사
Sub-article,"포인트데일리
6일 전","이용자들 원성에 백기 든 카카오, 결국 '친구탭' 개선한다",https://www.pointdaily.co.kr/news/articleView.html?idxno=272473,Sub 기사
연합뉴스TV,4일 전,"'카카오톡 개편 대란' 반사이익 본 네이트온·라인…""다시 만나 반가워...",http://www.yonhapnewstv.co.kr/AKR20251001104558ReJ,대표 기사
연합뉴스TV,1주 전,"""카카오톡 업데이트 껐다"" '대개편' 이후 불만 속출",http://www.yonhapnewstv.co.kr/AKR20250924115337dgu,대표 기사
Sub-article,"헤럴드경제
1주 전
네이버뉴스","“채팅탭에서 챗GPT 바로 사용”…AI 입은 카카오톡, 15년만에 대개편",https://biz.heraldcorp.com/article/10581368?ref=naver,Sub 기사
Sub-article,"데일리안
1주 전
네이버뉴스","15살 카카오톡 새단장…""숏폼 공유부터 챗GPT 대화까지""",https://www.dailian.co.kr/news/view/1552587/?sc=Naver,Sub 기사
Sub-article,"서울경제
1주 전
네이버뉴스","""카톡, 챗GPT 붙이고 인스타처럼""…베일 벗은 새 카카오톡, 제2 전성기 ...",https://www.sedaily.com/NewsView/2GY0IANLBW,Sub 기사
이코노미스트,1주 전,카카오 시총 '와르르' 3조원 넘게 증발…업데이트 후폭풍?,https://economist.co.kr/article/view/ecn202509270018,대표 기사
Sub-article,"마이데일리
6일 전
네이버뉴스",카카오톡 개편 역풍… 1점 리뷰 폭주에 결국 ‘백기’ 들고 친구목록 복...,https://www.mydaily.co.kr/page/view/2025092910382388788,Sub 기사
Sub-article,"아시아경제
1주 전
네이버뉴스","'쉰내 나는 인스타' 혹평에 결국…카카오, '친구탭' 손질 나선다",https://view.asiae.co.kr/article/2025092817310494957,Sub 기사
Sub-article,"뉴스엔
1주 전
네이버뉴스","“싫어! 못생겼어” 이영지, 카톡 업데이트에 기겁+찐 분노",https://www.newsen.com/news_view.php?uid=202509261405402510,Sub 기사
국제뉴스,5일 전,카톡 업데이트 반발에 친구목록 되살린다...복원 일정은?,https://www.gukjenews.com/news/articleView.html?idxno=3391113,대표 기사
Sub-article,"중앙일보
5일 전
네이버뉴스",결국 백기 든 카카오톡…첫 화면 ‘친구 목록’으로 되돌린다,https://www.joongang.co.kr/article/25370969,Sub 기사
조선비즈,4일 전,"“카카오톡 원상복구 왜 오래 걸리냐”… 이용자들, 업그레이드 불편 막...",https://biz.chosun.com/it-science/ict/2025/10/01/EOIINW5F2JHGXFTZVQU3SYM5KM/?utm_source=naver&utm_medium=original&utm_campaign=biz,대표 기사
머니투데이,6일 전,"""근본 잃어""…직장인들 카톡 업데이트 대란에 '네이트온' 깔았다",https://www.mt.co.kr/society/2025/09/29/2025092914374022328,대표 기사
Sub-article,"인사이트
1주 전","카카오톡 업데이트에 ""진짜 X별로"" 비판한 '투바투' 범규... 공감 반응 쏟...",https://www.insight.co.kr/news/522163,Sub 기사
YTN,5일 전,[자막뉴스] 카톡 대탈출 조짐...앱스토어 순위 급변,https://www.ytn.co.kr/_ln/0134_202509301633444612,대표 기사
서울경제TV,5일 전,백기 든 카카오톡…홍민택 CPO 책임론 확산,https://www.sentv.co.kr/article/view/sentv202509300153,대표 기사
Sub-article,"서울타임즈뉴스
5일 전","카카오톡 ‘친구탭’ 논란 일파만파…홍민택 CPO ""불편 최소화 최선“",https://www.seoultimes.news/news/article.html?no=2000081918,Sub 기사
Sub-article,"글로벌에픽
5일 전",카카오톡 改惡 논란의 주역은 누구인가,http://www.globalepic.co.kr/view.php?ud=20250930102510705748439a4874_29,Sub 기사
중앙일보,1주 전,"메시지 수정, 보이스톡 녹음·요약에 숏폼도 본다…카카오톡의 대변신 ...",https://www.joongang.co.kr/article/25369195,대표 기사
Sub-article,"이코노미스트
1주 전
네이버뉴스","""카나나부터 챗GPT까지, 모두 담는다""...카카오 ‘일상 AI’ 비전 공개",https://economist.co.kr/article/view/ecn202509230092,Sub 기사
Sub-article,"노컷뉴스
1주 전
네이버뉴스","""카톡 채팅방에 챗GPT 들어온다""…카카오, '일상속 AI' 선언",https://www.nocutnews.co.kr/news/6404526?utm_source=naver&utm_medium=article&utm_campaign=20250923024830,Sub 기사
YTN,5일 전,"[스타트경제] 결국 백기 든 카카오, '친구탭' 철회...경영진 책임론 ↑",https://www.ytn.co.kr/_ln/0102_202509300729299077,대표 기사
Sub-article,"필드뉴스
1주 전","카톡 대규모 업데이트 후 '1점 리뷰' 폭탄…""메신저 정체성이 사라졌다...",http://www.fieldnews.kr/news/articleView.html?idxno=21919,Sub 기사
Sub-article,"전남일보
1주 전","카카오톡 대개편 후 '1점 리뷰' 폭주…""이전으로 되돌려달라""",https://www.jnilbo.com/news/articleView.html?idxno=90000007134,Sub 기사
테크M,2일 전,"챗GPT 더한 카카오톡, AI 슈퍼앱으로 진화...10월부터 어떻게 바뀌나",https://www.techm.kr/news/articleView.html?idxno=145165,대표 기사
스포츠경향,1주 전,"‘MZ대통령’ 이영지, 카톡 업데이트 경악 “안돼 제발 싫어 못생겼어”",https://sports.khan.co.kr/article/202509262322003?pt=nv,대표 기사
Sub-article,"녹색경제신문
6일 전","이용자들 비난 폭주에 일보 후퇴한 카카오...미성년자는 숏폼 제한, 프로...",https://www.greened.kr/news/articleView.html?idxno=331687,Sub 기사
스포츠경향,6일 전,"“개별로”·“못 생겨” ★들까지, 카톡 업데이트 ‘질색’[스경X이슈...",https://sports.khan.co.kr/article/202509291046003?pt=nv,대표 기사
Sub-article,"뉴스워커
5일 전","별점 1.5점에 친구탭 원상복구하는 카카오, '4분기' 언급에 여론 회복용...",http://www.newsworker.co.kr/news/articleView.html?idxno=397103,Sub 기사
아시아경제,1주 전,"""숏폼 제한했는데 카톡에 뜨다니""…카카오 ""차단하려면 가족관계증명서...",https://view.asiae.co.kr/article/2025092718383044556,대표 기사
국민일보,1주 전,“카톡하다 바로 챗GPT 쓴다”… AI 결합한 카카오톡의 대변신,https://www.kmib.co.kr/article/view.asp?arcid=0028732597&code=61141111&cp=nv,대표 기사
Sub-article,"데이터뉴스
1주 전",‘카카오톡’에 ‘AI’를 담았다,http://www.datanews.co.kr/news/article.html?no=140917,Sub 기사
Sub-article,"에너지경제
1주 전","카카오톡, 내달부터 최신 챗GPT-5 도입",https://www.ekn.kr/web/view.php?key=20250923027309894,Sub 기사
매일경제,6일 전,"“카톡 버리고, 네이트온 갈아타야 하나”…끝없이 이어지는 ‘업데이...",https://www.mk.co.kr/article/11431773,대표 기사
헤럴드경제,1주 전,“동료들 자존감 무너지는 중”…카톡 업데이트 논란에 내부 폭로 나왔...,https://biz.heraldcorp.com/article/10584445?ref=naver,대표 기사
아시아경제,1주 전,"""다 마음에 안 들어"" 주가 하락까지…'불만' 폭발한 업데이트, 되돌릴까",https://view.asiae.co.kr/article/2025092809594049567,대표 기사
Sub-article,"한국면세뉴스
6일 전","카카오톡, 피드형 친구탭 개편 철회…친구목록 복원",http://www.kdfnews.com/news/articleView.html?idxno=167110,Sub 기사
Sub-article,"투데이코리아
6일 전","혹평 쏟아졌던 카카오톡, 첫 화면 '친구 목록'으로 '원복'",http://www.todaykorea.co.kr/news/articleView.html?idxno=335038,Sub 기사
Sub-article,"파이낸셜투데이
6일 전","'백기 든' 카카오톡, 피드형 '친구 탭' 철회…친구목록 복원",http://www.ftoday.co.kr/news/articleView.html?idxno=348486,Sub 기사
Sub-article,"CBC뉴스
6일 전","[속보] 카카오톡, 친구목록 복원한다…사용자 불편 해소 나서",https://www.cbci.co.kr/news/articleView.html?idxno=533308,Sub 기사
Sub-article,"이뉴스투데이
6일 전","카톡 개편 불만 폭주에 '백기'···카카오, '피드백 반영' 일부 기능 개...",http://www.enewstoday.co.kr/news/articleView.html?idxno=2335262,Sub 기사
데일리안,1주 전,"카카오, 업데이트 혹평에 6만원선 위태 [특징주]",https://www.dailian.co.kr/news/view/1554292/?sc=Naver,대표 기사
Sub-article,"여성조선
1주 전","""카톡 업데이트 안 할래""… 카카오, 개편 불만 속 6만원선 무너져",http://woman.chosun.com/news/articleView.html?idxno=123240,Sub 기사
아이뉴스24,1주 전,"카톡 업데이트 논란에⋯개발자 ""하고 싶어서 이렇게 했겠나""",http://www.inews24.com/view/1891614,대표 기사
파이낸셜뉴스,1주 전,MZ 대통령도 “못생겼다”는데…타깃 모를 카카오톡 개편에 내부도 ‘불...,http://www.fnnews.com/news/202509261448394507,대표 기사
Sub-article,"여성조선
5일 전","'개편 역풍' 카카오, 4분기 중 친구 탭 원상복구… 내달 챗GPT로 반전 노...",http://woman.chosun.com/news/articleView.html?idxno=123273,Sub 기사
위키트리,5일 전,앱스토어 1위까지 찍어…카톡 개편에 재주목 받고 설치 급증한 '이 메신...,https://www.wikitree.co.kr/articles/1085494,대표 기사
Sub-article,"플래텀
1주 전",메신저 넘어 AI 플랫폼으로…카카오톡이 바뀐다,https://platum.kr/archives/271408,Sub 기사
Sub-article,"한국NGO신문
6일 전","카카오, 업데이트 '혹평·불만'에 친구탭 첫 화면 복원하기로",https://www.ngonews.kr/news/articleView.html?idxno=215167,Sub 기사
Sub-article,"디지털투데이
6일 전",새로워진 카카오톡 '이용자 반발' 확산…이번 주 개선안 주목,https://www.digitaltoday.co.kr/news/articleView.html?idxno=594604,Sub 기사
Sub-article,"더리포트
6일 전","카카오톡 친구목록, 다시 첫 화면으로",https://www.thereport.co.kr/news/articleView.html?idxno=71731,Sub 기사
Sub-article,"조선비즈
1주 전
네이버뉴스",카카오톡 대대적 개편에 반응 엇갈려… “업데이트 끄는 법 공유”vs“...,https://biz.chosun.com/it-science/ict/2025/09/24/KPC2JRZAZVBMPDUXP23THVCGWM/?utm_source=naver&utm_medium=original&utm_campaign=biz,Sub 기사
Sub-article,"위키트리
1주 전",자동 업데이트 끄는 법까지 퍼진다…카카오톡 대개편 첫날부터 역풍,https://www.wikitree.co.kr/articles/1083669,Sub 기사
녹색경제신문,4일 전,[기자수첩] 뇌 썩음(brain rot)과 카카오톡,https://www.greened.kr/news/articleView.html?idxno=331741,대표 기사
뉴스1,1주 전,"카카오톡 대변신…SNS 피드 같은 프로필, 읽씹 감춤, 채팅방 폴더 도입",https://www.news1.kr/it-science/general-it/5921735,대표 기사
IT조선,4일 전,"업데이트 한 카톡, 되돌릴 방법 '두 가지'",https://it.chosun.com/news/articleView.html?idxno=2023092148419,대표 기사
파이낸셜포스트,6일 전,"[종합] 카카오톡 친구탭, 친구탭 첫 화면 '친구목록' 복귀…카카오 결국...",https://www.financialpost.co.kr/news/articleView.html?idxno=234163,대표 기사
Sub-article,"데일리굿뉴스
6일 전",혹평 쏟아지던 카카오톡 업데이트…빠르면 내달 원상복귀,https://www.goodnews1.com/news/articleView.html?idxno=452069,Sub 기사
Sub-article,"키즈맘
6일 전","""카카오톡, 결국 친구목록 원상복구…이용자 불만에 한발 물러섰다""",https://www.kizmom.com/news/articleView.html?idxno=105032,Sub 기사
금강일보,4일 전,"""누구를 위한 업데이트냐""... TXT 범규, 카카오톡 변화에 불편함 토로",https://www.ggilbo.com/news/articleView.html?idxno=1116009,대표 기사
Sub-article,"파이낸셜포스트
5일 전",카카오톡 개편 '폭망'에 홍민택 CPO 책임론 확산… '낙하산 논란'까지,https://www.financialpost.co.kr/news/articleView.html?idxno=234243,Sub 기사
Sub-article,"마이데일리
5일 전
네이버뉴스","“메신저 본질 훼손 아니다”…홍민택 카카오 CPO, 친구탭 논란 해명에...",https://www.mydaily.co.kr/page/view/2025093015490983791,Sub 기사
매경이코노미,6일 전,[속보] 결국 백기 든 카카오톡…업데이트 이전 ‘친구목록’ 복원,https://www.mk.co.kr/article/11432027,대표 기사
뉴스1,1주 전,"""내 카톡 돌려줘"" 개편 역풍 맞은 카카오…항의 빗발에 친구탭 수정",https://www.news1.kr/it-science/mobile/5927717,대표 기사
IT조선,4일 전,카카오톡 업데이트 후퇴…남은 과제는 '브랜드 신뢰 회복',https://it.chosun.com/news/articleView.html?idxno=2023092148302,대표 기사
Sub-article,"메트로신문
6일 전","카카오워크, AI·보안 강화 업데이트…업무 효율성 높인다",http://www.metroseoul.co.kr/article/20250929500495,Sub 기사
Sub-article,"브릿지경제
6일 전","카카오워크, AI·외부 서비스 통합 연동·보안 기능 업데이트",https://www.viva100.com/article/20250929500407,Sub 기사
아시아투데이,6일 전,"[취재후일담] 카카오톡 대란, 기업의 첫번째 목표는 '이윤추구'",https://www.asiatoday.co.kr/view.php?key=20250929010015769,대표 기사
머니투데이,1주 전,"""업데이트 안 할래요""…카카오 민심 잘 반영한 '이 리포트'",https://www.mt.co.kr/stock/2025/09/28/2025092812445614837,대표 기사
서울신문,1주 전,“아이가 카톡으로 숏폼 봐”…카카오 “가족관계증명서 내면 차단”,https://www.seoul.co.kr/news/economy/IT/2025/09/26/20250926500190?wlog_tag3=naver,대표 기사
일간스포츠,6일 전,"난리 난 카톡 업데이트, ""내 사진을 왜 대문짝만하게…""",https://isplus.com/article/view/isp202509280086,대표 기사
한국경제,1주 전,"""탈퇴할까"" 카톡 업데이트 대란에 주가 폭락…개미들 '패닉' [종목+]",https://www.hankyung.com/article/2025092694566,대표 기사
엑스포츠뉴스,5일 전,"투바투 범규→이영지 '환호'…원상복구 앞둔 카카오톡, ★ 여론도 의식...",https://www.xportsnews.com/article/2060106,대표 기사
Sub-article,"농민신문
1주 전
네이버뉴스","카카오톡 대개편, 이용자 ‘혹평 세례’…“친구 목록 돌려줘”",https://www.nongmin.com/article/20250928500056,Sub 기사
Sub-article,"소비자가 만드는 신문
6일 전","카카오, 카카오톡 첫 화면 '친구목록' 복원...""이용자 피드백 반영""",http://www.consumernews.co.kr/news/articleView.html?idxno=741414,Sub 기사
Sub-article,"아이뉴스24
1주 전
네이버뉴스","""AI 시대 일상 혁신""⋯15년 만에 대변신 카카오톡, 챗GPT도 쓴다(종합)",http://www.inews24.com/view/1890144,Sub 기사
Sub-article,"MS투데이
6일 전","카카오톡 개편에 혹평 쏟아지자 카카오, 결국 개선 착수",https://www.mstoday.co.kr/news/articleView.html?idxno=98965,Sub 기사
인사이트코리아,6일 전,"카카오톡, 친구 탭 되돌린다...쏟아지는 비난에 '백기'",https://www.insightkorea.co.kr/news/articleView.html?idxno=233044,대표 기사
마이데일리,6일 전,"""카톡 바뀐 거 재밌다""…유세윤, '카카오톡 업데이트' 논란 속 역대급 센...",https://www.mydaily.co.kr/page/view/2025092918000415881,대표 기사
세이프타임즈,5일 전,"""인스타 열화판"" 카카오 비난폭주에 친구탭 '롤백'",https://www.safetimes.co.kr/news/articleView.html?idxno=235178,대표 기사
중앙일보,4일 전,카카오톡 개편 논란…한국 메신저 시장 지각변동 가능성은[트랜D],https://www.joongang.co.kr/article/25371395,대표 기사
Sub-article,"플래텀
1주 전","카카오, '일상 AI' 비전 공개…카카오톡에 ChatGPT 도입",https://platum.kr/archives/271322,Sub 기사
Sub-article,"한국금융경제신문
1주 전",이용자 반응 싸늘한 '카톡 업데이트'에…카카오 시총 3조 증발,https://www.kfenews.co.kr/news/articleView.html?idxno=646636,Sub 기사
Sub-article,"뉴데일리
1주 전",카카오 어쩌나 … 카톡 셔플 후 주가 급락하고 '1점 리뷰'로 가득,https://biz.newdaily.co.kr/site/data/html/2025/09/28/2025092800033.html,Sub 기사
Sub-article,"컨슈머타임스
6일 전","이용자 불만에 결국 원상복귀…카카오, 카카오톡 '친구 탭' 개선",https://www.cstimes.com/news/articleView.html?idxno=670108,Sub 기사
국민일보,1주 전,‘네카오’ 주가 희비…카카오톡 업데이트 여파 지속,https://www.kmib.co.kr/article/view.asp?arcid=0028749025&code=61141411&cp=nv,대표 기사
디지털데일리,4일 전,"[DD's톡] 카톡 후폭풍?…카카오 시총, 일주일 새 1조원 증발",https://www.ddaily.co.kr/page/view/2025093010304021795,대표 기사
TV리포트,6일 전,"이영지·범규 비난 폭발…카카오톡, 결국 고개 숙였다",https://www.tvreport.co.kr/star/article/941715/,대표 기사
톱스타뉴스,4일 전,"""별점 1개도 과해"" 카카오톡, 업데이트 비판→개선 발표에도…평점 1.1점...",https://www.topstarnews.net/news/articleView.html?idxno=15826362,대표 기사
Sub-article,"톱스타뉴스
1주 전","카카오톡, 대개편 업데이트 후 이용자들 불만 속출…자동 업데이트 막기...",https://www.topstarnews.net/news/articleView.html?idxno=15817153,Sub 기사
Sub-article,"서울와이어
1주 전","카카오톡 대폭 개편에 사용자 불만 속출…""업데이트 껐다""",http://www.seoulwire.com/news/articleView.html?idxno=672472,Sub 기사
Sub-article,"영남일보
1주 전",카카오톡 大개편…피드형 친구 목록에 이용자 ‘불만’ 속출,https://www.yeongnam.com/web/view.php?key=20250924028548257,Sub 기사
인사이트,4일 전,'업데이트' 뒤 폭격당하는 카톡... '논란의 아이콘(?)' 홍민택 CPO 드디어...,https://www.insight.co.kr/news/522657,대표 기사
SBS Biz,5일 전,'불만 폭주'에 무릎 꿇은 카카오…친구탭 원상복구,https://biz.sbs.co.kr/article_hub/20000262937?division=NAVER,대표 기사
SBS,5일 전,불만 폭주 '백기' 든 카카오…친구목록 원상복귀,https://news.sbs.co.kr/news/endPage.do?news_id=N1008277310&plink=ORI&cooper=NAVER,대표 기사
Sub-article,"TV조선
5일 전
네이버뉴스","'불만 폭주' 카카오톡, 개편 엿새 만에 '백기'…친구목록으로 첫화면 원...",https://news.tvchosun.com/site/data/html_dir/2025/09/30/2025093090015.html,Sub 기사
MBN,6일 전,"[인터넷 와글와글] 카톡 업데이트, 사생활 노출에 연예인도 불만…카카...",http://www.mbn.co.kr/pages/news/newsView.php?news_seq_no=5144318,대표 기사
Sub-article,"머니S
1주 전
네이버뉴스","TXT 범규, 카톡 업데이트에 ""진짜 X별로, 남 프로필 안 궁금해""",https://www.moneys.co.kr/article/2025092815523625763,Sub 기사
톱스타뉴스,1주 전,"""자존감 무너지는 중""…카카오톡 업데이트 논란 속 직원들 내부 폭로 들...",https://www.topstarnews.net/news/articleView.html?idxno=15821129,대표 기사
청년일보,5일 전,"[특징주] 카카오톡 업데이트 '복구' 결정에도...카카오, 0.50% 상승",https://www.youthdaily.co.kr/news/article.html?no=197877,대표 기사
Sub-article,"글로벌이코노믹
5일 전","[특징주] 카카오, 친구탭 첫 화면 되돌린다는 발표에 '상승세' 전환",https://www.g-enews.com/view.php?ud=202509300921289803edf69f862c_1,Sub 기사
연합인포맥스,5일 전,카톡 이용자 요구로 롤백 결정한 카카오…시총 회복에 쏠린 눈,https://news.einfomax.co.kr/news/articleView.html?idxno=4376857,대표 기사
조선비즈,1주 전,"[특징주] “업데이트 안 할래”… 카카오, 서비스 개편에 주가 약세",https://biz.chosun.com/stock/stock_general/2025/09/24/7BXVTV5AWZCFTAQ44XEWGTXKHA/?utm_source=naver&utm_medium=original&utm_campaign=biz,대표 기사
채널A,6일 전,"카카오톡, 친구목록 되살린다…‘피드형 게시물’ 선택 가능 개선 [자막...",https://www.ichannela.com/news/main/news_detailPage.do?publishId=000000494306,대표 기사
오피니언뉴스,4일 전,"카카오톡, 물러섰지만 물러선 것 아니다?...'업데이트 철회'의 복잡한 속...",http://www.opinionnews.co.kr/news/articleView.html?idxno=125165,대표 기사
Sub-article,"디지털투데이
1주 전",15년 만의 대변신…카카오톡 '카나나+챗GPT'로 새 도약 선언,https://www.digitaltoday.co.kr/news/articleView.html?idxno=593462,Sub 기사
Sub-article,"쿠키뉴스
1주 전","정신아 대표 “카카오톡, 더 많은 것을 실현하는 가능성의 창…15년 만에...",https://www.kukinews.com/article/view/kuk202509230101,Sub 기사
YTN,6일 전,업데이트 '당한' 카카오톡...롤백 방법 공유까지 [굿모닝경제],https://www.ytn.co.kr/_ln/0134_202509290932159671,대표 기사
Sub-article,"그린포스트코리아
6일 전",주가는 빠지는데 목표가는 오른다… 카카오를 둘러싼 엇갈린 시선,https://www.greenpostkorea.co.kr/news/articleView.html?idxno=304185,Sub 기사
미디어오늘,6일 전,"조선·한겨레 ""카카오톡에 보완책 지시한 정부, 정작 자신들은 손 놓아...",https://www.mediatoday.co.kr/news/articleView.html?idxno=329116,대표 기사
문화뉴스,5일 전,카카오톡 업데이트 이모티콘 키보드 추천 기능...편의성 호평과 상업화...,https://www.mhns.co.kr/news/articleView.html?idxno=726917,대표 기사
디스이즈게임,4일 전,"[칼럼] ‘카톡’ 업데이트 대참사, ‘영포티’가 문제다?",https://www.thisisgame.com/articles/404132,대표 기사
Sub-article,"민주신문
6일 전","카카오톡 개편 '별점 테러' 후폭풍…카카오, 결국 백기 드나",http://www.iminju.net/news/articleView.html?idxno=143540,Sub 기사
Sub-article,"브릿지경제
6일 전","카카오, 이용자 불만 폭주한 카카오톡 ‘친구 탭’ 개선… “4분기 내 적...",https://www.viva100.com/article/20250929501477,Sub 기사
Sub-article,"BBS NEWS
6일 전","카카오톡, 피드형 친구탭 철회…친구목록 복원",https://news.bbsi.co.kr/news/articleView.html?idxno=4049070,Sub 기사
엘르,6일 전,카톡 업데이트 싸늘한 반응에 카카오가 내놓은 대책,https://www.elle.co.kr/article/1888784,대표 기사
경북도민일보,4일 전,"'국민 메신저' 카카오톡의 추락, 사용자는 왜 등을 돌렸나",http://www.hidomin.com/news/articleView.html?idxno=594534,대표 기사
스마트투데이,3일 전,'카톡 친구탭 복구 일정' 질문에 정신아 대표 '난색',https://www.smarttoday.co.kr/news/articleView.html?idxno=93046,대표 기사
Sub-article,"뉴스웨이
1주 전","카카오, 카카오톡 전면 개편…'피드·카나나·챗GPT' 도입",https://www.newsway.co.kr/news/view?ud=2025092309374596198,Sub 기사
Sub-article,"파이낸셜투데이
1주 전","카카오톡, 15년만에 대규모 개편...챗GPT·숏폼 탭 탑재",http://www.ftoday.co.kr/news/articleView.html?idxno=348135,Sub 기사
국민일보,1주 전,“자동 업데이트 끄세요” 카톡 개편에 ‘업데이트 차단법’ 공유 ↑,https://www.kmib.co.kr/article/view.asp?arcid=0028740805&code=61141111&cp=nv,대표 기사
블로터,1주 전,[디깅노트] 카카오톡이 '오래된 혁신'인 이유,https://www.bloter.net/news/articleView.html?idxno=644755,대표 기사
뉴스웨이,5일 전,카카오톡 '이모티콘 구독상품' 공짜로 푼다…이용자 달래기?,https://www.newsway.co.kr/news/view?ud=2025093015501062140,대표 기사
머니투데이,6일 전,"""사람들 데려와 조직 장악, 아직 업데이트 남아""…카톡 개편 뒷얘기?",https://www.mt.co.kr/tech/2025/09/29/2025092909563161445,대표 기사
전남일보,6일 전,'1점 테러' 맞은 카카오...내주 초 일부 개편한다,https://www.jnilbo.com/news/articleView.html?idxno=90000007283,대표 기사
인사이트,1주 전,"이영지 이어 남보라도 '카톡 업데이트'에 불만 폭발... ""아 이게 뭐야!""...",https://www.insight.co.kr/news/522079,대표 기사
Sub-article,"마이데일리
1주 전
네이버뉴스","카톡 업데이트 어떻길래…남보라·이영지도 불만 폭발 ""이게 뭐야"" [MD★...",https://www.mydaily.co.kr/page/view/2025092622112738980,Sub 기사
글로벌이코노믹,1주 전,"카카오, 카톡 숏폼 탭 설정 개선…불만여론 신경쓴 듯",https://www.g-enews.com/view.php?ud=2025092817184899123d7a510102_1,대표 기사
디지털타임스,4일 전,"익스프레스VPN, “해외여행 전 보안 업데이트… 공용 Wi-Fi 주의”",https://www.dt.co.kr/article/12021289?ref=naver,대표 기사
시사저널,4일 전,누더기 카카오톡을 바라보며… 초심을 잃은 국민 메신저의 민낯[박용후...,https://www.sisajournal.com/news/articleView.html?idxno=348431,대표 기사
대구신문,5일 전,백기 든 카카오…논란의 '친구탭' 되돌린다,https://www.idaegu.co.kr/news/articleView.html?idxno=525256,대표 기사
이데일리,1주 전,카카오 개편이 독?...장 초반 5% 하락[특징주],http://www.edaily.co.kr/news/newspath.asp?newsid=02692886642304056,대표 기사
노컷뉴스,1주 전,"""숏폼에 무한 노출, 학업 방해""…카톡 업데이트에 학부모들의 깊은 한숨",https://www.nocutnews.co.kr/news/6406854?utm_source=naver&utm_medium=article&utm_campaign=20250927050032,대표 기사
Sub-article,"비즈트리뷴
1주 전","카카오, 'AI 시대 전환' 선언…카카오톡 중심 대개편 발표",http://www.biztribune.co.kr/news/articleView.html?idxno=340686,Sub 기사
Sub-article,"디지털투데이
1주 전",메신저 넘어 AI 플랫폼으로…카카오톡 '체류시간 확대' 승부수 통할까,https://www.digitaltoday.co.kr/news/articleView.html?idxno=593557,Sub 기사
Sub-article,"소비자가 만드는 신문
1주 전","카카오톡, 세상을 탐색하는 'AI 슈퍼앱' 진화...""역사상 가장 큰 변화""",http://www.consumernews.co.kr/news/articleView.html?idxno=740981,Sub 기사
Sub-article,"헤럴드POP
1주 전
네이버뉴스","[팝업★]TXT 범규, 카톡 업데이트에 “진짜 X별로..무슨 갤러리처럼” ...",https://www.heraldpop.com/article/10585119?ref=naver,Sub 기사
Sub-article,"헬로티
6일 전","카카오워크, AI 기반 검색·보안 강화 등 주요 업데이트 공개",https://www.hellot.net/news/article.html?no=105872,Sub 기사
Sub-article,"데이터넷
6일 전","디케이테크인, '카카오워크' 업데이트 ··· AI·외부 서비스 통합 연동",https://www.datanet.co.kr/news/articleView.html?idxno=205714,Sub 기사
메트로신문,6일 전,카카오톡 개편 거센 역풍에 '휘청'…“조속 수정” 약속했지만 불만 확...,http://www.metroseoul.co.kr/article/20250929500390,대표 기사
국제신문,1주 전,“업데이트 안 할래” 카카오톡 SNS 기능 추가 이용자 불만 속출,http://www.kookje.co.kr/news2011/asp/newsbody.asp?code=0200&key=20250923.99099007738,대표 기사
SBS Biz,1주 전,"카카오톡에 챗GPT 심는다…카카오, AI 혁신 속도",https://biz.sbs.co.kr/article_hub/20000261335?division=NAVER,대표 기사
금강일보,1주 전,"""메신저로만 쓰고 싶다"" 카카오톡 15년 만의 개편에 이용자 불만",https://www.ggilbo.com/news/articleView.html?idxno=1115414,대표 기사
일요신문,1주 전,카카오톡 개편 사용자 '비명'…체류 시간 욕심이 화 불렀나,https://ilyo.co.kr/?ac=article_view&entry_id=500425,대표 기사
연합뉴스TV,1주 전,"""하고 싶어서 한 게 아냐"" 카카오톡 업데이트, 내부서도 비판",http://www.yonhapnewstv.co.kr/AKR20250925195200LMc,대표 기사
매일경제,A34면 1단,[기자24시] 소통 없는 카카오 혁신의 최후,https://www.mk.co.kr/article/11434351,대표 기사
금강일보,1주 전,카톡 업데이트 끄는법은?,https://www.ggilbo.com/news/articleView.html?idxno=1115764,대표 기사
Sub-article,"월요신문
1주 전","카카오톡 업데이트에 주가 급락…""카카오의 무리수""",https://www.wolyo.co.kr/news/articleView.html?idxno=301777,Sub 기사
전자신문,5일 전,익스프레스VPN “여행 떠나기 전 보안 업데이트하세요”,https://www.etnews.com/20250930000190,대표 기사
Sub-article,"매일일보
1주 전","""챗GPT 품고 피드형으로 개편""…카카오톡, 15년 만에 '대수술'",http://www.m-i.kr/news/articleView.html?idxno=1285562,Sub 기사
Sub-article,"비즈니스포스트
1주 전","카카오톡 AI 결합해 대규모 개편, 정신아 ""일상에 스며드는 AI 서비스될...",https://www.businesspost.co.kr/BP?command=article_view&num=413073,Sub 기사
인사이트,1주 전,"""업데이트 차단법 공유합니다""... 카카오톡 '대개편'에 이용자 불만 속...",https://www.insight.co.kr/news/521640,대표 기사
Sub-article,"디지털타임스
1주 전
네이버뉴스",‘망한 업뎃’ 평가에 난감한 카카오… 내주 초 카톡 개선안 발표,https://www.dt.co.kr/article/12020601?ref=naver,Sub 기사
스포츠서울,3일 전,"카카오톡, 결국 ‘친구목록·피드 분리’ 재업데이트...피드 못 버려",https://www.sportsseoul.com/news/read/1551191?ref=naver,대표 기사
Sub-article,"뉴스프리존
1주 전",카카오톡 15년 만 대개편 뒤 '업데이트 끄는 법 공유' 불만 이어져,https://www.newsfreezone.co.kr/news/articleView.html?idxno=648999,Sub 기사
Sub-article,"컨슈머치
1주 전","카카오톡, 전면 개편 업데이트…소비자 반응 '냉담'",https://www.consumuch.com/news/articleView.html?idxno=76299,Sub 기사
월간조선,1주 전,“절대 업데이트 금지” 카카오톡 불만 폭주…왜? | 23일 대대적 개편…...,http://monthly.chosun.com/client/mdaily/daily_view.asp?idx=22978&Newsnumb=20250922978,대표 기사
Sub-article,"국제뉴스
1주 전",카카오톡 '개선'에도 불만 폭발…아이폰 갤럭시 자동 업데이트 끄는 방...,https://www.gukjenews.com/news/articleView.html?idxno=3387337,Sub 기사
Sub-article,"테크월드
1주 전","'카카오톡+AI', 합…카카오, '이프 카카오25'에서 '일상 AI' 비전 공개",https://www.epnc.co.kr/news/articleView.html?idxno=322815,Sub 기사
Sub-article,"게임톡
1주 전",카카오톡과 AI의 결합 '일상 AI'가 온다...탐색형 진화,https://www.gametoc.co.kr/news/articleView.html?idxno=102194,Sub 기사
국제뉴스,1주 전,"""카카오톡 '15년 만의 대개편'에 역풍…이전 버전 설치 방법 화두""",https://www.gukjenews.com/news/articleView.html?idxno=3389196,대표 기사
서울경제,1주 전,"""10만 원 간다며""…카카오, '카톡 업데이트 후폭풍'에 시총 3조 원 증발",https://www.sedaily.com/NewsView/2GY2BITHE0,대표 기사
세계일보,1주 전,"이영지, 카톡 업데이트 후 드러난 과거사에 ‘경악’…“다 지우러 간다...",https://www.segye.com/newsView/20250926510152?OutUrl=naver,대표 기사
Sub-article,"파이낸셜뉴스
1주 전
네이버뉴스","""당사자 동의 없이... 프사 다 지우러 간다"" 이영지, 카톡 업데이트에 불...",http://www.fnnews.com/news/202509261604334641,Sub 기사
뉴시스,1주 전,카카오 개편 이용자 불만에도…증권가는 호평 일색,https://www.newsis.com/view/NISX20250926_0003345146,대표 기사
SBS Biz,3일 전,15년만에 개편에 혹평 일색…카카오 결국 백기 [기업 백브리핑],https://biz.sbs.co.kr/article_hub/20000263846?division=NAVER,대표 기사
Sub-article,"딜라이트닷넷
1주 전","카카오톡 대개편 후 피로감 호소 잇따라...""업데이트 껐다"" 게시글도",https://www.delighti.co.kr/news/articleView.html?idxno=103056,Sub 기사
Sub-article,"프라임경제
1주 전",15년 만에 대변신…10월부터 카카오톡서 '챗GPT' 쓴다,http://www.newsprime.co.kr/news/article.html?no=705457,Sub 기사
Sub-article,"비즈워치
1주 전
네이버뉴스","카카오톡에서 '챗GPT' 쓴다…""5000만의 AI 서비스로 진화""",http://news.bizwatch.co.kr/article/mobile/2025/09/23/0017,Sub 기사
서울경제,1주 전,"""야심차게 공개했는데""…카톡 대규모 개편에 카카오 직원들마저 반응 엇...",https://www.sedaily.com/NewsView/2GY10206UC,대표 기사
뉴데일리,4일 전,"카톡 개편 논란, 뜻밖에 '카카오 vs 토스' 문화 충돌로 확산 [N-경제포커...",https://biz.newdaily.co.kr/site/data/html/2025/10/01/2025100100382.html,대표 기사
이코노미스트,1주 전,슈퍼앱 되는 카카오톡...AI 기능 대거 적용에 기대와 우려,https://economist.co.kr/article/view/ecn202509240115,대표 기사
조선일보,B3면 1단,카카오톡 ‘부장님 사진’ 안 보이게 수정...이용자 항의에 물러섰나,https://www.chosun.com/economy/tech_it/2025/09/28/WBOBY6G5UZCOVCZF3QYREKSOAY/?utm_source=naver&utm_medium=referral&utm_campaign=naver-news,대표 기사
Sub-article,"아시아경제
1주 전
네이버뉴스","직장 상사 '게시물' 사라졌다…카톡, 비판여론에 친구목록 손봐",https://view.asiae.co.kr/article/2025092816492261130,Sub 기사
Sub-article,"전남일보
1주 전","카카오톡 대개편 후 ""업데이트 껐다"" 불만 속출",https://www.jnilbo.com/news/articleView.html?idxno=90000006665,Sub 기사
Sub-article,"핀포인트뉴스
1주 전","""자동 업데이트 끄세요""...카카오톡, 개편 첫날 이용자 불만 속출",https://www.pinpointnews.co.kr/news/articleView.html?idxno=379816,Sub 기사
Sub-article,"인공지능신문
6일 전","카카오워크, AI·외부 서비스 통합 연동 및 보안 기능 업데이트",https://www.aitimes.kr/news/articleView.html?idxno=36639,Sub 기사
엑스포츠뉴스,6일 전,"남보라, 카톡 업데이트 분노하더니…'원상복구' 소식에 안도 ""휴 다행"" ...",https://www.xportsnews.com/article/2059545,대표 기사
이투데이,1주 전,"영포티 된 카카오톡, 업데이트 되돌릴 수 없나요? [해시태그]",https://www.etoday.co.kr/news/view/2510739,대표 기사
이투데이,1주 전,"[특징주] 카카오, 새 업데이트 잇단 혹평…국민적 반감 확산에 내림세",https://www.etoday.co.kr/news/view/2510539,대표 기사
뉴스타운,5일 전,"유세윤, 카카오톡 개편에 '까똑' 뮤직비디오 재공개",http://www.newstown.co.kr/news/articleView.html?idxno=655204,대표 기사
Sub-article,"뉴스웰
1주 전",'카카오톡과 AI의 결합' 다음 달 본다,http://www.newswell.co.kr/news/articleView.html?idxno=13279,Sub 기사
인사이트코리아,5일 전,"'피드형 탭 도입 실패' 정신아 대표, 카카오 다운 AI 서비스 띄운다",https://www.insightkorea.co.kr/news/articleView.html?idxno=233116,대표 기사
조선비즈,1주 전,"[특징주] 카카오, 업데이트 혹평에… 6만원 선 ‘위태’",https://biz.chosun.com/stock/stock_general/2025/09/26/AVX6NR2QWRDI3FKQPS4ZPM54NI/?utm_source=naver&utm_medium=original&utm_campaign=biz,대표 기사
Sub-article,"EBN
1주 전","[특징주] 카카오, '카카오톡 개편' 이용자 혹평 속 6만원선 붕괴",https://www.ebn.co.kr/news/articleView.html?idxno=1680242,Sub 기사
Sub-article,"뉴스웍스
1주 전","[특징주] 카카오, 카톡 업데이트 혹평에 5%↓…주가 6만원선 붕괴",https://www.newsworks.co.kr/news/articleView.html?idxno=812813,Sub 기사
헤럴드경제,1주 전,“8만원 간다더니” 업뎃 한번에 시총 1.6조 ‘증발’…빗나간 카카오 ...,https://biz.heraldcorp.com/article/10584584?ref=naver,대표 기사
이코노미스트,1주 전,"카카오톡 15년 만의 대개편…이용자들 ""업무용 메신저 맞나"" 불만 확산",https://economist.co.kr/article/view/ecn202509260014,대표 기사
뉴스후플러스,4일 전,정신아式 카카오톡 대개편 역풍…내부 반대에도 강행 파장,https://www.newswhoplus.com/news/articleView.html?idxno=42323,대표 기사
부산일보,1주 전,카카오 내부자 “하고 싶어서 이렇게 만들었겠냐”,https://www.busan.com/view/busan/view.php?code=2025092719081350224,대표 기사
비즈니스포스트,5일 전,"'선장' 김범수 없는 카카오, 카카오톡 개편은 '냉정과 열정' 컨트롤 없는...",https://www.businesspost.co.kr/BP?command=article_view&num=414260,대표 기사
경향신문,1주 전,“최악 개편” “돌려놔라” 카톡 이용자들 십자포화···카카오 “조만...,https://www.khan.co.kr/article/202509281833001,대표 기사
Sub-article,"더퍼블릭
6일 전","카카오톡, '친구 탭' 개편 역풍…업데이트로 진화 나섰지만 여론은 '싸...",https://www.thepublic.kr/news/articleView.html?idxno=278442,Sub 기사
CBC뉴스,6일 전,"[기자수첩] '국민 메신저' 카카오톡, 정체성을 흔든 업데이트?",https://www.cbci.co.kr/news/articleView.html?idxno=533034,대표 기사
매경이코노미,1주 전,“역대급 개악” 불만에도…카카오 목표가 높인 증권가,https://www.mk.co.kr/article/11430251,대표 기사
메트로신문,3일 전,"""메신저 아닌 SNS""…카카오톡 개편 역풍에 평점 1.0 추락",http://www.metroseoul.co.kr/article/20251002500060,대표 기사
엘르,1주 전,이영지도 경악한 '카카오톡 업데이트' 이슈 총정리,https://www.elle.co.kr/article/1888697,대표 기사
이코노텔링,1주 전,카카오톡 'AI 리모델링',http://www.econotelling.com/news/articleView.html?idxno=17977,대표 기사
Sub-article,"스마트에프엔
1주 전",이제 카카오톡이 어떻게 바뀌는데?,https://www.smartfn.co.kr/news/articleView.html?idxno=121034,Sub 기사
이데일리,1주 전,"""카톡 버리고 '네이트온' 다시 깔았다""…업데이트 대란에 '집단탈출'",http://www.edaily.co.kr/news/newspath.asp?newsid=01423526642304384,대표 기사
Sub-article,"더파워
6일 전","카카오톡 친구탭, ‘친구목록’ 첫 화면으로 되살린다",https://www.thepowernews.co.kr/view.php?ud=202509291240365846de3f0aa1be_7,Sub 기사
헤럴드경제,1주 전,"카카오, 업데이트 한번에 시총 1.6조 날아갔다…6% 급락 [종목Pick]",https://biz.heraldcorp.com/article/10584549?ref=naver,대표 기사
Sub-article,"굿모닝경제
1주 전","카카오톡, 챗GPT 품고 '일상 AI' 혁신 선언: 15년 만의 대변신",https://www.goodkyung.com/news/articleView.html?idxno=273118,Sub 기사
Sub-article,"톱스타뉴스
1주 전","카카오톡, 자동 업데이트 후 달라진 피드…""프로필 안 뜨게 해달라"" 요...",https://www.topstarnews.net/news/articleView.html?idxno=15820563,Sub 기사
서울파이낸스,6일 전,"카카오, 친구탭 개선···업데이트 이전 모드 선택 추가 예정",https://www.seoulfn.com/news/articleView.html?idxno=608438,대표 기사
SBS,1주 전,"국민 메신저 카카오톡, 인스타처럼 바뀌었다고요?",https://news.sbs.co.kr/news/endPage.do?news_id=N1008274200&plink=ORI&cooper=NAVER,대표 기사
디지털데일리,6일 전,"[DD퇴근길] ""나 돌아갈래""…카카오톡, '친구 탭' 화면 되돌린다",https://www.ddaily.co.kr/page/view/2025092916594019046,대표 기사
공감신문,1주 전,카카오톡 대규모 업데이트… 사용자 불만 쏟아지는 이유는?,https://www.gokorea.kr/news/articleView.html?idxno=840827,대표 기사
Sub-article,"아주경제
1주 전","카톡 대개편, 별점 1점 폭주…카카오 ""친구탭 개선 예고""",https://www.ajunews.com/view/20250928191355796,Sub 기사
연합뉴스TV,6일 전,"[이 시각 핫뉴스] 카카오, 카톡 개편 항의에 '숏폼 탭' 수정 外",http://www.yonhapnewstv.co.kr/MYH20250929054153r0c,대표 기사
Sub-article,"OSEN
1주 전
네이버뉴스","이영지 이어 남보라도 '카톡 업데이트' 경악 ""이게 뭐야..취소하는법 아...",http://www.osen.co.kr/article/G1112666053,Sub 기사
Sub-article,"뉴스엔
1주 전
네이버뉴스",“못생겼어” 이영지 이어 남보라도‥카톡 업데이트에 “아 이게 뭐야”...,https://www.newsen.com/news_view.php?uid=202509270221122510,Sub 기사
경기신문,1주 전,카카오톡 15년 만의 전면 개편…AI·광고 전략 시험대,https://www.kgnews.co.kr/news/article.html?no=866756,대표 기사
스포츠월드,1주 전,"이영지, 카카오톡 자동 업데이트에 ‘충격’…“못생겼어”",https://www.sportsworldi.com/newsView/20250925519371,대표 기사
Sub-article,"톱스타뉴스
1주 전","""안 돼 제발 못생겼어""…카카오톡 자동 업데이트에 이영지, 경악",https://www.topstarnews.net/news/articleView.html?idxno=15819241,Sub 기사
Sub-article,"OSEN
1주 전
네이버뉴스","이영지, 카톡 자동 업데이트에 충격 “못생겼어..다 지우러간다”",http://www.osen.co.kr/article/G1112665019,Sub 기사
Sub-article,"여성조선
1주 전","카카오톡, 15년 만의 '대수술'… 뭐가 달라졌나?",http://woman.chosun.com/news/articleView.html?idxno=123180,Sub 기사
Sub-article,"IT비즈뉴스
1주 전","""카톡에서 챗GPT 쓴다""…카카오, 15년 만의 서비스 개편 단행",https://www.itbiznews.com/news/articleView.html?idxno=181435,Sub 기사
아이티데일리,1주 전,"카카오톡에 이식된 카나나 AI·GPT-5…카카오, 메신저 AI '첫선'",http://www.itdaily.kr/news/articleView.html?idxno=235449,대표 기사
Sub-article,"데일리한국
1주 전","카카오, 카카오톡 개편…채팅탭서 챗GPT 사용",https://daily.hankooki.com/news/articleView.html?idxno=1274919,Sub 기사
세계일보,1주 전,"“카톡 독주 길었다, 갈아타자”…업데이트 ‘대란’에 떠오르는 대체 ...",https://www.segye.com/newsView/20250926513179?OutUrl=naver,대표 기사
충청일보,6일 전,광고성 콘텐츠 강제 노출된 아이들…카카오 혹평 잇따라,https://www.ccdailynews.com/news/articleView.html?idxno=2371051,대표 기사
Sub-article,"인더뉴스
1주 전",ChatGPT 담은 카카오톡…AI 기반 대규모 개편 로드맵 공개,https://www.inthenews.co.kr/news/article.html?no=77308,Sub 기사
Sub-article,"로이슈
1주 전","카톡과 챗GPT의 결합...카카오, ‘if(kakao)25’에서 ‘일상 AI’ 비전 공...",http://www.lawissue.co.kr/view.php?ud=2025092323001577449817d053b9_12,Sub 기사
인사이트,1주 전,카카오톡 개편 역풍에 직장인들 '네이트온' 다시 찾기 시작했다,https://www.insight.co.kr/news/521998,대표 기사
Sub-article,"서울경제
1주 전
네이버뉴스","""카톡 버리고 '네이트온' 다시 깔았다""…업데이트 대란에 이용자들 집단...",https://www.sedaily.com/NewsView/2GY1WR1LCZ,Sub 기사
스포츠월드,6일 전,"카톡 업데이트에 스타들도 분노…범규, 이영지, 남보라까지 “이게 뭐야...",https://www.sportsworldi.com/newsView/20250929511792,대표 기사
Sub-article,"뉴스웍스
1주 전",카카오톡과 AI의 결합…'이프카카오25'에서 '일상 AI' 비전 공개,https://www.newsworks.co.kr/news/articleView.html?idxno=812248,Sub 기사
Sub-article,"뉴스저널리즘
1주 전","카카오톡과 AI의 결합…카카오, '이프 카카오'서 비전 공개",https://www.ngetnews.com/news/articleView.html?idxno=536977,Sub 기사
뉴스웍스,1주 전,"15년 만에 큰 수술 마친 '카카오톡'…이용자들 ""수술 망한 듯"" 악평",https://www.newsworks.co.kr/news/articleView.html?idxno=812876,대표 기사
세계일보,1주 전,"카톡 업데이트, ‘이것’ 안하면 싫어하는 사람에게도 내 사진 전부 노...",https://www.segye.com/newsView/20250924514854?OutUrl=naver,대표 기사
메트로신문,1주 전,"[특징주] ""다운그레이드 할래요""...카카오, 업데이트 혹평에 급락세",http://www.metroseoul.co.kr/article/20250926500053,대표 기사
마이데일리,1주 전,"이영지 이어 남보라까지…카톡 업데이트 불만 토로 ""아, 이게 뭐야…""",https://www.mydaily.co.kr/page/view/2025092621291879343,대표 기사
IT조선,1주 전,"카카오톡, 15년만에 새단장",https://it.chosun.com/news/articleView.html?idxno=2023092147853,대표 기사
Sub-article,"디지털포스트(PC사랑)
1주 전","카카오톡 'AI 커뮤니티'로 진화 … ""가능성의 窓이 될 것""",https://www.ilovepc.co.kr/news/articleView.html?idxno=56146,Sub 기사
Sub-article,"중소기업신문
1주 전",15년만에 바뀐 카카오톡 '챗GPT' 탑재 목적형 메신저서 탐색형 서비스로...,http://www.smedaily.co.kr/news/articleView.html?idxno=338780,Sub 기사
조세일보,1주 전,"""업무용도 불편해""…카톡 새 기능에 ‘자동 업데이트 끄기’ 확산",http://www.joseilbo.com/news/news_read.php?uid=553638&class=1&grp=,대표 기사
디아이투데이,3일 전,"카카오톡의 UX 개편, 사용자들은 왜 불편해할까?",https://ditoday.com/%ec%b9%b4%ec%b9%b4%ec%98%a4%ed%86%a1%ec%9d%98-ux-%ea%b0%9c%ed%8e%b8-%ec%82%ac%ec%9a%a9%ec%9e%90%eb%93%a4%ec%9d%80-%ec%99%9c-%eb%b6%88%ed%8e%b8%ed%95%b4%ed%95%a0%ea%b9%8c/,대표 기사
한국경제,1주 전,"""카카오, 카카오톡의 SNS화…소비자 피로도 대응 필요""-한국",https://www.hankyung.com/article/2025092436886,대표 기사
Sub-article,"MHN스포츠
1주 전
네이버뉴스","이영지→TXT 범규, 카톡 대규모 업데이트에 뿔났다...""진짜 별로, 너무 ...",https://www.mhnse.com/news/articleView.html?idxno=465837,Sub 기사
뉴스핌,1주 전,"카카오톡, 15년 만에 대개편했지만 불만 속출에 주가 하락까지 '싸늘'",https://www.newspim.com/news/view/20250926000872,대표 기사
Sub-article,"프라임경제
1주 전","""업데이트 절대 하지마"" 카톡 개편에 이용자 불만 폭주",http://www.newsprime.co.kr/news/article.html?no=706043,Sub 기사
여성조선,4일 전,카카오톡 개편 역풍에 네이트온∙라인 웃었다… 앱스토어 1위∙설치 39배...,http://woman.chosun.com/news/articleView.html?idxno=123290,대표 기사
엠투데이,1주 전,"15년 만의 대개편! 카카오톡, 이제 메시지 앱을 넘어선다",https://www.autodaily.co.kr/news/articleView.html?idxno=536811,대표 기사
Sub-article,"서울신문
1주 전
네이버뉴스","카카오톡, AI가 대화 요약·숏폼 제작… 채팅탭서 챗GPT도 쓴다",https://www.seoul.co.kr/news/economy/IT/2025/09/24/20250924019004?wlog_tag3=naver,Sub 기사
Sub-article,"인공지능신문
1주 전","카카오톡 채팅탭에서 바로 챗GPT 사용... 카카오, '일상 AI' 비전 공개",https://www.aitimes.kr/news/articleView.html?idxno=36589,Sub 기사
주간동아,1주 전,"카카오톡, 출시 15년 만에 대대적 서비스 개편",https://weekly.donga.com/3/all/11/5870245/1,대표 기사
워크투데이,6일 전,불만 폭주에 결국 손 든 카카오 ....카톡 첫 화면 '친구목록' 되살린다,http://www.worktoday.co.kr/news/articleView.html?idxno=74893,대표 기사
뉴스1,1주 전,"보이스톡, 통화 녹음·요약 기능 추가…'이프카카오'에서 공개",https://www.news1.kr/it-science/general-it/5920380,대표 기사
Sub-article,"머니투데이
1주 전
네이버뉴스","[단독]""AI와 카카오톡 위주 성장""…'보톡'에 녹음·요약 추가하는 이유",https://www.mt.co.kr/tech/2025/09/18/2025091814195163653,Sub 기사
Sub-article,"워크투데이
1주 전","카톡에서 바로 '챗GPT' 쓴다 … 카카오, 15년만에 대대적 개편",http://www.worktoday.co.kr/news/articleView.html?idxno=74567,Sub 기사
Sub-article,"파이낸셜포스트
1주 전","""가능성, 일상이 되다"" 카카오톡과 AI의 결합…카카오, 'if(kakao)25'서 '일...",https://www.financialpost.co.kr/news/articleView.html?idxno=233689,Sub 기사
Sub-article,"테크M
1주 전","[이프 카카오] 챗GPT부터 카나나까지...15년만에 새옷 입는 카카오톡, A...",https://www.techm.kr/news/articleView.html?idxno=144736,Sub 기사
인사이트,6일 전,"'쉰스타그램' 역풍 분 업데이트에... 카카오, '친구탭' 등 개선 예고",https://www.insight.co.kr/news/522168,대표 기사
Sub-article,"무비스트
6일 전","카카오톡, 대규모 개편에 혹평…개선 예고",http://www.movist.com/movist3d/view.asp?type=77&id=atc000000012267,Sub 기사
내일신문,6일 전,"카카오톡 개편에 불만 비등, 주가 급락",https://www.naeil.com/news/read/562956?ref=naver,대표 기사
Sub-article,"테크M
6일 전","디케이테크인, '카카오워크' AI 기능 업데이트...업무 편의성·보안 강화",https://www.techm.kr/news/articleView.html?idxno=144995,Sub 기사
Sub-article,"디지틀조선일보
6일 전","디케이테크인, 카카오워크에 AI 검색·웹훅 연동 기능 추가",http://digitalchosun.dizzo.com/site/data/html_dir/2025/09/29/2025092980253.html,Sub 기사
Sub-article,"정보통신신문
6일 전","카카오워크, AI·외부 연동·보안 기능 업데이트",https://www.koit.co.kr/news/articleView.html?idxno=202480,Sub 기사
Sub-article,"SR타임스
6일 전","디케이테크인, 그룹웨어 협업툴 '카카오워크' 고도화",http://www.srtimes.kr/news/articleView.html?idxno=186794,Sub 기사
MBN,5일 전,"이용자 불만에 백기 든 카카오톡…""친구 목록 화면 원래대로"" [아침&매일...",http://www.mbn.co.kr/pages/news/newsView.php?news_seq_no=5144651,대표 기사
연합뉴스,1주 전,"[특징주] 카카오, 4%대 하락…장중 한때 주가 6만원선 깨져",https://www.yna.co.kr/view/AKR20250926051900008?input=1195m,대표 기사
Sub-article,"스마트에프엔
1주 전",SNS처럼 바뀐 '카카오톡 개편'에 일부 이용자 불편함 호소,https://www.smartfn.co.kr/news/articleView.html?idxno=121189,Sub 기사
Sub-article,"EBN
1주 전","[현장] 카카오, 무거웠던 카카오톡 '가볍게'…'용도별 톡방 분류해 볼까...",https://www.ebn.co.kr/news/articleView.html?idxno=1679668,Sub 기사
이투데이,1주 전,카카오톡 친구 탭 개편에 불만 속출…카톡 업데이트 끄는 법은?,https://www.etoday.co.kr/news/view/2509844,대표 기사
Sub-article,"아이뉴스24
1주 전
네이버뉴스","카카오톡, 대규모 개편에⋯'업데이트 차단법' 공유도 확산",http://www.inews24.com/view/1890631,Sub 기사
뉴데일리,6일 전,"카카오, 비난 여론에 결국 백기 … 카톡 친구탭 ‘친구목록’ 첫 화면 ...",https://biz.newdaily.co.kr/site/data/html/2025/09/29/2025092900333.html,대표 기사
Sub-article,"시사저널이코노미
6일 전","카카오, 이용자 혹평에 결국 카톡 '친구탭' 되돌린다",https://www.sisajournal-e.com/news/articleView.html?idxno=415672,Sub 기사
전남일보,1주 전,카카오톡 대규모 업데이트에 유튜브 '들썩'... 검색량 8배 급등,https://www.jnilbo.com/news/articleView.html?idxno=90000007046,대표 기사
스타뉴스,1주 전,"""못생겼어"" ""고딩 때 프사까지 올라와 싫어!""..이영지, 카카오톡 개편에...",https://www.starnewskorea.com/music/2025/09/26/2025092612510759405,대표 기사
Sub-article,"스포츠서울
1주 전
네이버뉴스","이영지, 카톡 업데이트에 울분...박재범 언급은 왜?",https://www.sportsseoul.com/news/read/1549233?ref=naver,Sub 기사
세계일보,A17면 1단,수익만 좇다 혁신도 정체성도 잃은 카카오 [현장메모],https://www.segye.com/newsView/20250930517509?OutUrl=naver,대표 기사
테크M,4일 전,"[기자수첩] 본질을 잃은 변신, 카카오가 놓친 '한끗'",https://www.techm.kr/news/articleView.html?idxno=145087,대표 기사
Sub-article,"뉴스핌
1주 전","카카오톡, AI와 결합해 15년 만의 대변신",https://www.newspim.com/news/view/20250923000113,Sub 기사
뉴스후플러스,4일 전,"홍민택 카카오 CPO, '카카오톡 대개편' 책임론 확산",https://www.newswhoplus.com/news/articleView.html?idxno=42412,대표 기사
SBS,1주 전,"카카오톡, AI 넣고 대대적 개편…엇갈리는 반응",https://news.sbs.co.kr/news/endPage.do?news_id=N1008269196&plink=ORI&cooper=NAVER,대표 기사
CBC뉴스,1주 전,카카오톡 자동 업데이트 끄는 방법은?…갤럭시 등 네티즌들 '궁금',https://www.cbci.co.kr/news/articleView.html?idxno=532567,대표 기사
엠투데이,6일 전,이용자 불만에 카카오 '긴급 수정' 예고…다음 주 개선안 공개 예정,https://www.autodaily.co.kr/news/articleView.html?idxno=537061,대표 기사
Sub-article,"데일리굿뉴스
1주 전",카카오톡 15년만의 대개편…불편함 호소 잇달아,https://www.goodnews1.com/news/articleView.html?idxno=451875,Sub 기사
중앙이코노미뉴스,1주 전,"카카오톡 업데이트 후 유튜브 검색 급증, 사용자 불만 확산",https://www.joongangenews.com/news/articleView.html?idxno=454130,대표 기사
마이데일리,1주 전,카카오톡 개편에 내부 직원까지 “원해서 한 게 아니다”…이용자 반발...,https://www.mydaily.co.kr/page/view/2025092614345943153,대표 기사
Sub-article,"게임포커스
1주 전","카카오, 'if(kakao)25'에서 '일상 AI' 비전 공개... '카톡'에서 'ChatGPT' 사...",https://gamefocus.co.kr/detail.php?number=169512,Sub 기사
토큰포스트,5일 전,"카카오톡, 친구탭 개편 철회…기존 UI 복원 발표",https://www.tokenpost.kr/news/tech/290183,대표 기사
쿠키뉴스,6일 전,"카톡 개편 후 ‘1점 리뷰’ 쏟아지자…카카오, 결국 숏폼 설정 개선",https://www.kukinews.com/article/view/kuk202509290002,대표 기사
Sub-article,"시사저널이코노미
6일 전","""개선 아닌 개악""···정신아표 카카오톡 개편에 쏟아진 혹평",https://www.sisajournal-e.com/news/articleView.html?idxno=415656,Sub 기사
조선일보,1주 전,카카오톡 15년 만의 대변신…소셜미디어·AI 탑재,https://www.chosun.com/economy/tech_it/2025/09/23/M344SPWPJNAZ5LFD2COR4TF6FI/?utm_source=naver&utm_medium=referral&utm_campaign=naver-news,대표 기사
Sub-article,"지디넷코리아
1주 전
네이버뉴스","카카오톡, ‘안읽씹’ 기능 도입…답장 부담↓",https://zdnet.co.kr/view/?no=20250923125942,Sub 기사
뉴스웍스,4일 전,카카오톡 평점 1.1점 폭락…홍민택 CPO 책임론 증폭,https://www.newsworks.co.kr/news/articleView.html?idxno=813345,대표 기사
아이뉴스24,1주 전,"정신아 카카오 대표 ""거대한 변화의 시작점이 카톡 개편...AI 시대 일상 ...",http://www.inews24.com/view/1890014,대표 기사
Sub-article,"대한경제
1주 전",챗GPT 탑재한 카카오톡… 시장 반응은 ‘글쎄’,https://www.dnews.co.kr/uhtml/view.jsp?idxno=202509231246137590684,Sub 기사
Sub-article,"SBS
1주 전
네이버뉴스",[자막뉴스] 베일 벗은 카카오 개편…'안읽씹' 기능에 챗GPT 탑재,https://news.sbs.co.kr/news/endPage.do?news_id=N1008268807&plink=ORI&cooper=NAVER,Sub 기사
월요신문,6일 전,"추억의 메신저 네이트온, 카카오톡 논란에 '틈새시장' 공략",https://www.wolyo.co.kr/news/articleView.html?idxno=301879,대표 기사
Sub-article,"뉴데일리
1주 전","카카오톡과 AI의 결합 … 카카오, ‘if 25’에서 ‘일상 AI’ 비전 공개",https://biz.newdaily.co.kr/site/data/html/2025/09/23/2025092300043.html,Sub 기사
서울경제,1주 전,"삼성證 “카카오, 콘텐츠 플랫폼으로의 전환…목표가 24% 상향” [줍줍리...",https://www.sedaily.com/NewsView/2GY0YS8CEZ,대표 기사
Sub-article,"헤럴드경제
1주 전
네이버뉴스",“카카오톡 채팅탭에서 챗GPT 바로 사용”,https://biz.heraldcorp.com/article/10581436?ref=naver,Sub 기사
Sub-article,"MS투데이
1주 전","카카오톡, 15년 만에 대변신…챗GPT 탑재·친구탭 피드형 개편",https://www.mstoday.co.kr/news/articleView.html?idxno=98928,Sub 기사
Sub-article,"뉴스워커
1주 전","""광고에 미친 업데이트""...소비자 이탈· 내부 책임론 카카오톡 업데이...",http://www.newsworker.co.kr/news/articleView.html?idxno=396416,Sub 기사
YTN,5일 전,[스타트 브리핑] 결국 백기 투항한 카카오...불통·이용자 경시 '부메랑...,https://www.ytn.co.kr/_ln/0103_202509300639252725,대표 기사
남도일보,5일 전,"[특징주] 카카오, 친구탭 첫 화면 되돌린다는 발표에 '상승세'",http://www.namdonews.com/news/articleView.html?idxno=834726,대표 기사
대전일보,4일 전,"""갈아탈지 고민""…카카오톡 원상 복귀에도 평점 최악",https://www.daejonilbo.com/news/articleView.html?idxno=2230665,대표 기사
YTN,1주 전,"""우리도 하고 싶어 그랬겠냐?""...카카오 내부도 업뎃 비판 [앵커리포트...",https://www.ytn.co.kr/_ln/0103_202509261028254726,대표 기사
SBS,1주 전,"[자막뉴스] ""카카오 가난하지 않습니다"" 쏟아지는 혹평에 과거 공지 '부...",https://news.sbs.co.kr/news/endPage.do?news_id=N1008273557&plink=ORI&cooper=NAVER,대표 기사
Sub-article,"허프포스트코리아
1주 전","""우리 카카오팀은.."" 업데이트 때문에 불편하다며 대국민 난리통이 벌어...",https://www.huffingtonpost.kr/news/articleView.html?idxno=238724,Sub 기사
직썰,5일 전,"카카오톡, 이용자 항의에 '백기'···미디어 플랫폼 전환 차질",https://www.ziksir.com/news/articleView.html?idxno=106615,대표 기사
Sub-article,"머니투데이방송
1주 전","카카오톡, 메신저를 넘어 'UGC 플랫폼'으로 변신한다",https://news.mtn.co.kr/news-detail/2025092315520291350,Sub 기사
Sub-article,"스마트에프엔
1주 전","정신아 대표 ""쉽고 편한 카카오톡, AI 문턱 낮출 것""···카톡에 챗GPT ...",https://www.smartfn.co.kr/news/articleView.html?idxno=121032,Sub 기사
Sub-article,"게임뷰
1주 전","전 국민 AI 대중화에 앞장서는 카카오, 오픈AI와 공동 프로덕트 공개",https://www.gamevu.co.kr/news/articleView.html?idxno=51929,Sub 기사
뉴스1,3주 전,카카오톡 삭제 시간 5분→24시간에…메시지 삭제 건수 327% 증가,https://www.news1.kr/it-science/general-it/5904300,대표 기사
Sub-article,"서울경제
3주 전
네이버뉴스","7년만에 대개편에…카카오톡, 삭제 이용 수 327%↑",https://www.sedaily.com/NewsView/2GXTM5LNV7,Sub 기사
Sub-article,"지디넷코리아
3주 전
네이버뉴스",카카오톡 메시지 삭제 건수 3배 ‘폭증’,https://zdnet.co.kr/view/?no=20250908181037,Sub 기사
디일렉,6일 전,카카오톡 되살린다...계약 광고주·소비자 의식했나,http://www.thelec.kr/news/articleView.html?idxno=41597,대표 기사
Sub-article,"인더스트리뉴스
6일 전","'이용자 반발'에 무릎 꿇은 카카오… 친구탭, 첫 화면으로 원상 복구",https://www.industrynews.co.kr/news/articleView.html?idxno=72203,Sub 기사
Sub-article,"뉴데일리
1주 전","카카오톡, 대규모 개편에 ‘불만’ 속출 … “업데이트 껐습니다”",https://biz.newdaily.co.kr/site/data/html/2025/09/24/2025092400380.html,Sub 기사
EBN,6일 전,"""메신저 본연으로""…카카오톡, 친구탭 개편 4분기 내 되돌린다",https://www.ebn.co.kr/news/articleView.html?idxno=1680601,대표 기사
Sub-article,"서울와이어
6일 전","카카오톡, '친구탭' 첫 화면 되돌린다…이용자 불만에 백기",http://www.seoulwire.com/news/articleView.html?idxno=673398,Sub 기사
MBN,5일 전,'구관이 명관' 카톡 원상복귀…카카오 시총 3조 증발 [프레스룸 경제라...,http://www.mbn.co.kr/pages/news/newsView.php?news_seq_no=5144708,대표 기사
Sub-article,"CEO스코어데일리
6일 전","카카오워크, AI·외부 서비스 연동 확대…연내 실시간 번역·요약 기능 ...",https://www.ceoscoredaily.com/page/view/2025092910174652129,Sub 기사
매일경제TV,5일 전,"카카오톡 친구탭 논란…CPO ""불편 최소화 최선""",http://mbnmoney.mbn.co.kr/news/view?news_no=MM1005683861,대표 기사
Sub-article,"더퍼블릭
5일 전","카톡 '업데이트 강행 논란'에...개편 총괄 홍민택 CPO, 사내 공지로 첫 ...",https://www.thepublic.kr/news/articleView.html?idxno=278671,Sub 기사
투데이e코노믹,4일 전,백기 든 카카오...‘친구목록’ 복원키로,https://www.todayeconomic.com/news/article.html?no=28459,대표 기사
뉴스웨이,1주 전,카카오톡 '숏폼' 승부수 통할까…유저 반발은 선결과제,https://www.newsway.co.kr/news/view?ud=2025092514002916167,대표 기사
Sub-article,"포인트데일리
1주 전","""예전 카톡 돌려줘""...아우성에도 굳건한 카카오",https://www.pointdaily.co.kr/news/articleView.html?idxno=271821,Sub 기사
파이낸셜투데이,1주 전,"챗GPT 품은 카카오, 카톡 개편에 주가 급락",http://www.ftoday.co.kr/news/articleView.html?idxno=348396,대표 기사
아주경제,4일 전,"""이용자 불만 많아도 지표 유지""...카카오 홍민택 CPO, 입장 보니",https://www.ajunews.com/view/20251001135823192,대표 기사
Sub-article,"한스경제
1주 전","카카오톡과 AI의 결합…카카오, 'if(kakao)25'에서 '일상 AI' 비전 공개",http://www.hansbiz.co.kr/news/articleView.html?idxno=778926,Sub 기사
인사이트,1주 전,"""원해서 했겠냐""... 카톡 업데이트 논란 일자 '블라인드'에 올라온 내부...",https://www.insight.co.kr/news/521972,대표 기사
아이뉴스24,1주 전,"이영지, 카톡 업데이트에 소신 발언⋯뭐라고 했길래",http://www.inews24.com/view/1891427,대표 기사
Sub-article,"중앙일보
1주 전
네이버뉴스",카톡 하며 챗GPT 쓴다…이미 보낸 톡 내용도 24시간 이내 수정 가능,https://www.joongang.co.kr/article/25369329,Sub 기사
Sub-article,"M이코노미뉴스
1주 전","카카오, ‘가능성, 일상이 되다’...‘if(kakao)25’서 ‘일상 AI’ 비전...",https://www.m-economynews.com/news/article.html?no=60177,Sub 기사
Sub-article,"인사이트
1주 전","카카오톡, '인스타·틱톡·챗GPT' 기능 다 담은 '슈퍼앱'으로 진화한다",https://www.insight.co.kr/news/521470,Sub 기사
Sub-article,"파이낸셜리뷰
1주 전","""채팅탭에서 바로 ChatGPT 이용""...카카오, AI 중심 플랫폼으로 진화 선...",http://www.financialreview.co.kr/news/articleView.html?idxno=37227,Sub 기사
Sub-article,"연합인포맥스
1주 전","카카오, 15년 만에 카톡 대수술…챗GPT 탑재(종합)",https://news.einfomax.co.kr/news/articleView.html?idxno=4375784,Sub 기사
데일리안,1주 전,"""난 카톡 업데이트 싫어"" 갤럭시·아이폰 업데이트 피하는 방법은?",https://www.dailian.co.kr/news/view/1553582/?sc=Naver,대표 기사
조이뉴스24,1주 전,[퇴근길이슈] 전유성 빈소·폭군의셰프 포상휴가·QWER 응원봉·카카오톡...,http://www.joynews24.com/view/1891492,대표 기사
남도일보,1주 전,"카카오톡 대개편 후 ""업데이트 껐다"" 불만 속출",http://www.namdonews.com/news/articleView.html?idxno=834228,대표 기사
Sub-article,"쿠키뉴스
1주 전",“메신저냐 SNS냐”…카카오톡 대규모 개편에 이용자 불만 ‘속출’,https://www.kukinews.com/article/view/kuk202509250218,Sub 기사
Sub-article,"인사이트
1주 전","카카오, 보이스톡에 '녹음·요약 기능' 추가... 내일 '이프카카오'서 공...",https://www.insight.co.kr/news/521231,Sub 기사
동아일보,A6면 1단,‘대국민 공지’ 정부 역할… 네이버-카카오가 대신해,https://www.donga.com/news/Politics/article/all/20250929/132482570/2,대표 기사
디지털데일리,5일 전,"커머스 키우는 카카오…성장 발판은 '톡', 리스크도 '톡'",https://www.ddaily.co.kr/page/view/2025093010242413520,대표 기사
위키트리,1주 전,[카카오톡 업데이트 후폭풍] 카카오 직원 추정 네티즌 폭로까지 등장,https://www.wikitree.co.kr/articles/1084556,대표 기사
Sub-article,"이투데이
1주 전","정신아 카카오 대표 ""AI 시대 맞는 카톡, 메신저 넘어 탐색형 서비스로...",https://www.etoday.co.kr/news/view/2509200,Sub 기사
위키리크스한국,1주 전,"카나나 진화 가속…카카오, 옴니모달 AI 도약 선언",http://www.wikileaks-kr.org/news/articleView.html?idxno=175328,대표 기사
이코리아,1주 전,카카오톡 'AI 슈퍼앱' 대변신...기대와 우려 교차,https://www.ekoreanews.co.kr/news/articleView.html?idxno=82313,대표 기사
Sub-article,"직썰
1주 전","카카오톡 '슈퍼앱' 승부수, 이용자 반발에 출발부터 삐걱",https://www.ziksir.com/news/articleView.html?idxno=105765,Sub 기사
연합뉴스,1주 전,"메리츠證 ""네이버 두나무 편입 호재…카카오 반사이익도""",https://www.yna.co.kr/view/AKR20250926030000008?input=1195m,대표 기사
Sub-article,"헤럴드경제
1주 전
네이버뉴스",지금은 네이버의 시간…“‘업비트’ 두나무 편입 호재에 카카오 악재 ...,https://biz.heraldcorp.com/article/10584011?ref=naver,Sub 기사
연합뉴스TV,5일 전,[경제읽기] 결국 백기 든 카카오…친구탭 원상복구,http://www.yonhapnewstv.co.kr/MYH20250930130920icD,대표 기사
대한경제,6일 전,"“이용자 목소리 반영”… 카카오, 카톡 ‘친구목록’ 되살린다",https://www.dnews.co.kr/uhtml/view.jsp?idxno=202509291619085420508,대표 기사
CEO스코어데일리,2일 전,"카톡 헛발질에 ‘네이트온’ 다시 뜬다… 카카오, ‘책임론’에 내부 ‘...",https://www.ceoscoredaily.com/page/view/2025100116091157682,대표 기사
한국일보,1주 전,"SNS, 쇼트폼, 챗GPT 다 합친 카카오톡 새 버전... 이용자들 반응은?",https://www.hankookilbo.com/News/Read/A2025092415560005913?did=NA,대표 기사
Sub-article,"디지털데일리
1주 전
네이버뉴스","[이프카카오 25] 카톡 대변신…친구탭은 인스타, 지금탭은 틱톡처럼 (종...",https://www.ddaily.co.kr/page/view/2025092313080110935,Sub 기사
Sub-article,"글로벌경제
1주 전","""챗GPT를 카카오톡에서""...카카오, 15년만 메신저 대대적 개편",https://www.getnews.co.kr/news/articleView.html?idxno=841848,Sub 기사
뉴스1,1주 전,카톡에서 챗지피티 사용…AI 서비스로 진화하는 카카오톡,https://www.news1.kr/it-science/general-it/5921420,대표 기사
금강일보,1주 전,"[특징주] 카카오 주가, '냉탕'... 이유는?",https://www.ggilbo.com/news/articleView.html?idxno=1115763,대표 기사
이데일리,1주 전,카카오톡 개편 위기는 ‘소통’ 없는 리더십 [김현아의 IT세상읽기],http://www.edaily.co.kr/news/newspath.asp?newsid=01843366642304712,대표 기사
컨슈머타임스,1주 전,"'부정적 반응 多'…카카오톡 대규모 개편, '신의 한 수'일까",https://www.cstimes.com/news/articleView.html?idxno=669174,대표 기사
Sub-article,"파이낸셜투데이
1주 전","카카오톡, AI 혁신·피드형 도입 대변신...반응은 '극과 극'",http://www.ftoday.co.kr/news/articleView.html?idxno=348204,Sub 기사
YTN,6일 전,"[자막뉴스] 돈 쓰고 욕 먹었다...민심 못 읽은 카카오, 결국",https://www.ytn.co.kr/_ln/0134_202509291356426926,대표 기사
인베스트조선,4일 전,[Invest]카톡은 '롤백' 한다지만...멈추기 힘든 카카오의 '수익성 드라이...,https://www.investchosun.com/site/data/html_dir/2025/10/01/2025100180136.html,대표 기사
서울파이낸스,6일 전,"카톡 개편에 혹평·주가급락···카카오, 숏폼 등 일부 기능 개선 나서",https://www.seoulfn.com/news/articleView.html?idxno=608378,대표 기사
SBS,1주 전,"사실상 '공공재' 카카오, AI 품고 대변신…이용자·주가 반응은?",https://news.sbs.co.kr/news/endPage.do?news_id=N1008272083&plink=ORI&cooper=NAVER,대표 기사
Sub-article,"신아일보
1주 전","카톡, 'AI플랫폼' 대변신…카카오 정신아 ""대화중 챗GPT 전환""",http://www.shinailbo.co.kr/news/articleView.html?idxno=2121087,Sub 기사
뷰어스,6일 전,"‘한발 물러선’ 카카오, 이용자 항의에 “개선 방안 마련”",http://theviewers.co.kr/View.aspx?No=3800743,대표 기사
미디어펜,1주 전,카카오톡 개편 후 혹평 이어져..친구탭 불편에 이용자 불만↑,https://www.mediapen.com/news/view/1045997,대표 기사
Sub-article,"아주경제
1주 전","카카오톡 개편에 42% '불만'…""대체 메신저 언급까지 확산""",https://www.ajunews.com/view/20250928142420661,Sub 기사
MHN스포츠,5일 전,"'카톡 업데이트' 불만 속출하는데...유세윤 ""난 재밌음"" 소신 발언 '눈길...",https://www.mhnse.com/news/articleView.html?idxno=466419,대표 기사
Sub-article,"스포츠투데이
5일 전","""난 솔직히 재밌어"" 유세윤, 카카오톡 업데이트 불만 표출에 소신 발언",http://www.stoo.com/article.php?aid=102846742411,Sub 기사
에너지경제,4일 전,네이버는 ‘웃고’ 카카오는 ‘울고’…빅테크 희비 가른 건 ‘두나무’...,https://www.ekn.kr/web/view.php?key=20251001025372919,대표 기사
Sub-article,"서울경제TV
1주 전","카카오톡에 챗GPT 들어온다…카카오, ‘일상 AI 플랫폼’ 비전 공개",https://www.sentv.co.kr/article/view/sentv202509230078,Sub 기사
Sub-article,"뉴스후플러스
1주 전","카카오톡 개편에 혹평 일색…""광고 넣을 공간 없다"" 과거 재조명",https://www.newswhoplus.com/news/articleView.html?idxno=41893,Sub 기사
더파워,5일 전,카카오톡 친구목록 복원에 이용자들 '안도',https://www.thepowernews.co.kr/view.php?ud=202509301143203395de3f0aa1be_7,대표 기사
뉴스워커,6일 전,"카톡 업데이트 논란 카카오, 계속된 내부 폭로에 드러난 내홍...'토스 출...",http://www.newsworker.co.kr/news/articleView.html?idxno=396818,대표 기사
스포츠동아,1주 전,“대화요약부터 ‘챗GPT’ 사용까지”…AI와 결합한 카카오톡,https://sports.donga.com/it/article/all/20250923/132444914/1,대표 기사
한경비즈니스,1주 전,“혹평 일색” 정신아 카카오 대표가 내놓은 답은,https://magazine.hankyung.com/business/article/202509245318b,대표 기사
한국일보,6일 전,"""예전 카톡 돌려내라"" 사용자 원성에 결국 물러선 카카오 [영상]",https://www.hankookilbo.com/News/Read/A2025092916420003178?did=NA,대표 기사
톱스타뉴스,1주 전,"카카오톡, AI 기능 강화·챗GPT 탑재로 채팅 경험 대전환",https://www.topstarnews.net/news/articleView.html?idxno=15816203,대표 기사
Sub-article,"IT조선
1주 전",카카오톡 15년 만의 대수술… AI·챗GPT 품는다,https://it.chosun.com/news/articleView.html?idxno=2023092147876,Sub 기사
Sub-article,"인더스트리뉴스
1주 전","카카오톡, 챗GPT·카나나 도입… 15년 만에 '전면 개편'",https://www.industrynews.co.kr/news/articleView.html?idxno=71957,Sub 기사
Sub-article,"서울신문
1주 전
네이버뉴스","15살 된 카카오톡, AI로 전면 개편…10월부터 채팅탭에서 바로 챗GPT 사용...",https://www.seoul.co.kr/news/economy/industry/2025/09/23/20250923500043?wlog_tag3=naver,Sub 기사
CEO스코어데일리,1주 전,[그래픽] 카카오톡 주요 개편 내용,https://www.ceoscoredaily.com/page/view/2025092411245550904,대표 기사
머니투데이방송,1주 전,"카카오, 카톡 앞세워 AI 추격전…'지각생' 오명 벗을까",https://news.mtn.co.kr/news-detail/2025092508182138456,대표 기사
제민일보,1주 전,"카카오톡, 업데이트 정신아 대표 ""장기적으로 더욱 편리해질 것"" 큰 자신...",https://www.jemin.com/news/articleView.html?idxno=827608,대표 기사
아시아투데이,5일 전,메신저 본질 vs 플랫폼 확장…카카오의 실험과 후퇴,https://www.asiatoday.co.kr/view.php?key=20250930010016612,대표 기사
Sub-article,"팍스경제TV
1주 전","[이슈] '카카오톡' 15년만 전면 개편...""AI비서·챗GPT 넣고, 편리함으로...",http://www.paxetv.com/news/articleView.html?idxno=247066,Sub 기사
Sub-article,"아주경제
1주 전",카카오톡 15년 만에 대대적 개편…'챗GPT·카나나' 접목한 AI 혁신 공개,https://www.ajunews.com/view/20250923094723143,Sub 기사
아주경제,6일 전,"투바투 범규 ""카카오톡, 되돌릴 기능 만들어달라""",https://www.ajunews.com/view/20250929074157839,대표 기사
엠투데이,1주 전,"'왜 이렇게 바뀌었나' 카톡 개편에 이용자 불만 폭주, 업데이트 막는 방...",https://www.autodaily.co.kr/news/articleView.html?idxno=536925,대표 기사
금강일보,1주 전,"카카오톡, 챗GPT 기능 탑재... 업데이트 일정은?",https://www.ggilbo.com/news/articleView.html?idxno=1115020,대표 기사
더퍼블릭,4일 전,"'혹평' 쏟아진 카카오톡 대규모 개편...이승건 토스 대표, SNS로 직원 겨...",https://www.thepublic.kr/news/articleView.html?idxno=278847,대표 기사
스마트투데이,5일 전,"'폭망한 카톡 업데이트' 라인·네이트온, 신규 설치건수 38배 폭증",https://www.smarttoday.co.kr/news/articleView.html?idxno=92718,대표 기사
연합뉴스TV,1주 전,"""부장님 골프사진 봐야 하나요""…카톡 '자동 업데이트' 불만 속출",http://www.yonhapnewstv.co.kr/MYH20250925170328YWz,대표 기사
엠투데이,1주 전,카카오톡 15년 만에 대규모 변신했는데...이용자 반응은 싸늘,https://www.autodaily.co.kr/news/articleView.html?idxno=536932,대표 기사
뉴스워치,6일 전,카카오톡 개편 후폭풍…'토스 낙하산' 논란부터 '홍민택 CPO' 책임론까지,http://www.newswatch.kr/news/articleView.html?idxno=73228,대표 기사
지디넷코리아,1주 전,‘보이스톡’ 변신은 무죄…녹음·요약까지 다 된다,https://zdnet.co.kr/view/?no=20250923172414,대표 기사
서울파이낸스,1주 전,"카카오톡, 15년 만 대규모 개편···'AI 슈퍼앱' 진화",https://www.seoulfn.com/news/articleView.html?idxno=607830,대표 기사
Sub-article,"아시아투데이
1주 전","베일 벗은 새 카카오, '일상형 AI에이전트 플랫폼'으로",https://www.asiatoday.co.kr/view.php?key=20250923010012574,Sub 기사
뉴스토마토,6일 전,카카오톡 대규모 개편 역풍…남은 카드는 챗GPT,http://www.newstomato.com/ReadNews.aspx?no=1276524&inflow=N,대표 기사
SBS,1주 전,"카카오톡, AI 넣고 대대적 개편…엇갈리는 반응",https://news.sbs.co.kr/news/endPage.do?news_id=N1008269323&plink=ORI&cooper=NAVER,대표 기사
Sub-article,"SBS
1주 전
네이버뉴스","카카오톡, AI 품고 대대적 개편…반응은 엇갈려",https://news.sbs.co.kr/news/endPage.do?news_id=N1008269408&plink=ORI&cooper=NAVER,Sub 기사
인사이트코리아,3일 전,"카카오, 임원 조롱 게시물에 칼 뽑았나?…""인신공격성 내용 삼가야""",https://www.insightkorea.co.kr/news/articleView.html?idxno=233316,대표 기사
Sub-article,"컨슈머타임스
1주 전","카카오, 다음 달부터 카카오톡-챗GPT 연동 시작…AI 앱으로 전환",https://www.cstimes.com/news/articleView.html?idxno=668870,Sub 기사
Sub-article,"인사이트코리아
1주 전","정신아 대표, 카카오톡에 챗GPT 입힌다…""AI 문턱 낮춘게 핵심""",https://www.insightkorea.co.kr/news/articleView.html?idxno=232661,Sub 기사
데일리굿뉴스,4일 전,카카오톡 친구목록 돌아왔지만…평점은 '역대 최저',https://www.goodnews1.com/news/articleView.html?idxno=452174,대표 기사
한국NGO신문,1주 전,15년 만에 단행한 카톡 대규모 업데이트 놓고 유튜브도 '들썩',https://www.ngonews.kr/news/articleView.html?idxno=215032,대표 기사
Sub-article,"토큰포스트
1주 전",카카오톡 UI 대변신에 '혼란' 폭발...유튜브 검색 8배 급증,https://www.tokenpost.kr/news/tech/289644,Sub 기사
Sub-article,"머니투데이
1주 전
네이버뉴스","[단독]카카오, 보이스톡에 음성 녹음·통화 요약 기능 탑재한다",https://www.mt.co.kr/tech/2025/09/18/2025091816560376072,Sub 기사
뉴스웨이,1주 전,"카카오, 업데이트 혹평에 6%대 하락 마감… 6만원선 붕괴",https://www.newsway.co.kr/news/view?ud=2025092615165884945,대표 기사
서울와이어,4일 전,[카카오 갈림길①] 국민 메신저의 배신…본질을 잃다,http://www.seoulwire.com/news/articleView.html?idxno=673444,대표 기사
뉴스웍스,3일 전,[카카오 4제] 카카오페이지-웹툰 '대작 라인업'·카모 '가을 한강지도'·...,https://www.newsworks.co.kr/news/articleView.html?idxno=813607,대표 기사
SBS Biz,1주 전,"""내 카톡 돌려줘요""…15년만 업데이트에 뿔난 이용자들",https://biz.sbs.co.kr/article_hub/20000261891?division=NAVER,대표 기사
Sub-article,"뉴스핌
1주 전","홍민택 카카오 CPO ""카카오톡, 더 가볍고 쾌적하게…채팅·콘텐츠·프로...",https://www.newspim.com/news/view/20250923000398,Sub 기사
Sub-article,"딜사이트
1주 전","[이프카카오 2025] 카톡 대화창, 15년 만에 '대변신'…사용자 목소리 담...",https://dealsite.co.kr/articles/148658,Sub 기사
Sub-article,"바이라인네트워크
1주 전",진작 이렇게 바뀌지…’대화의 자유로움’에 힘준 카카오,https://byline.network/?p=9004111222578691,Sub 기사
